hex,confTime,timeGuessed
15d45f2509126484f295a467baa497716a95742d401311586e75d5db3f88be9c,9.002200127,2
524148f24802f8c68974c2e1ecc8b8f47d0d60b7a0d1948951c050a25b5a8e59,4.000644922,1
45297c633d331e6ac35169ebaaf75bc7fafd206ebb59ba4efd80566936e46eb0,2.001823425,1
1e472b39b105d349bcd069c4a711b44a2fffb8e274714bb07ecfff69a9a7f67b,6.001467943,1
7b69759630f869f2723875f873935fed29d2d12b10ef763c1c33b8e0004cb405,4.000645399,1
64d095f2fecfdeb907dae5403b10966c4ae755b7598aa078cb932e345bd0b5d0,1.000912189,1
0e78437805639c14d6413de94c031fd1babdb561b7728d31ae06bfc5ff1766d4,1.000912905,1
081c68229e69ec1a2bef4d4690440f158baf36beac58225d1b12b3e0563aee62,13.00384641,5
0ebe0fb634f8e4aca93dcdea090d01120e73df4c7da22888c595b593da608c78,6.001468182,1
5538e771949ffec150f6e8260b2e3801236c7373ed62c22a3f82dc0071265cc4,2.000823498,1
1c00e16c0db1f129d7b8b87fad27646fdfc393600d20182fa7eb94682601b913,4.001645565,1
2ee1a4c2b1f11f0ca375d1429e7902a1d84b900348ae65e624c83b1589ff2e27,3.001734257,2
25f9b3ab7e7d3634a79eab88d59a0b4592d42384900dfc10ecc481af5b8dfd3d,10.00311399,3
27badc983df1780b60c2b3fa9d3a19a00e46aac798451f0febdca52920faaddf,1.000912905,1
1134c0a7d44fdae1afd7f1f64e2789496784095ca0a050947d659c256d331d34,10.0021131,3
2c58b3a68ac99f845a207a613ce245b3fd2dd839320355a9778e9319f96363b2,1.000911951,1
041669688dba6edca905acae363296e29902c37b43adcceb7113eb81e1ddb1a1,6.002468824,3
0927a0c81213ef0edd8c33cb3046bf366f80bfe674a15d3ecad347edd5a686ce,2.000823498,1
258f31fc369c1710e953a91439474bdc4d36b4211c679761a6ac5bbee7dd64ff,2.001823187,1
169564455792f758d4dd0e6770c9dd5b9bd905d182e6cffa022e46d950e111f5,3.002736568,3
0f2cb44170f42cc966535f392a10dcd4499426df69dc476f1bf36609f7fa8c1e,7.001378536,2
0e78437805639c14d6413de94c031fd1babdb561b7728d31ae06bfc5ff1766d4,1.000914335,1
0e78437805639c14d6413de94c031fd1babdb561b7728d31ae06bfc5ff1766d4,2.000822544,1
01b23136ea7f9f8b9e72c9e125fd710301baec28662b0de2168967838c79e81a,8.003291368,3
27badc983df1780b60c2b3fa9d3a19a00e46aac798451f0febdca52920faaddf,2.000822544,1
0e78437805639c14d6413de94c031fd1babdb561b7728d31ae06bfc5ff1766d4,3.000732183,1
230ad27c6e6e27669363918994e83fc533cf8d5ab4ee57ea1855428b8c553a53,1.000911713,1
03340dc42c4919ce6019ae44c24f3997ccd529f7af6f7f516c015338f14631cd,14.00476122,5
0e78437805639c14d6413de94c031fd1babdb561b7728d31ae06bfc5ff1766d4,2.000823259,1
3141d9c749e88ee5550192703c3e025a9b3446ec543f17a923cb24e7b61dfece,6.001468897,1
18167da210996cf3525e400870f7d4955d6b983a7b7d237586e242e59888ad86,2.000821114,1
061b4fe85b47a13e1887f386477e0e0d5c9f3003f53e4b20472bbaa8b46ce766,3.001734972,2
1299c06d517825c0529d69fe9f8bbf7b308b9db68289db3c9f844570deb1d621,3.001734972,1
1483c82372b98e6864d52a9e4a66c92ac7b568d7f2ffca7f405ea0853af10e89,3.000734568,1
43a0298ed7863ce8f45f36c0d15d8d2fe84c7d1f2a21a87b51c36b3d18eb5622,4.001645327,1
07492b151560912565b471452f8baadbf3bc80c73814708053d9e4fb7e6e1401,6.00146842,1
38879b6376fbabdc8fbfb85f6b11a296aca6de14093a54881b73528b62848d8c,2.000822783,1
234666d765f4c0a26cf4d96eced9155888477cb9b19e8cb48ae4ea79ce1b28de,3.000734091,1
45297c633d331e6ac35169ebaaf75bc7fafd206ebb59ba4efd80566936e46eb0,4.001645327,1
0f2cb44170f42cc966535f392a10dcd4499426df69dc476f1bf36609f7fa8c1e,2.001824141,2
0cfc62b7b1a3090be2c0e68b07acbda9950e41b7c21fb9d91d786b285ca2bbd8,3.000733852,1
1a6d9c97798d8997f85ed9228296d533be6b47f97217709d7e2b628e21800220,5.000555992,1
1a6d9c97798d8997f85ed9228296d533be6b47f97217709d7e2b628e21800220,1.000911713,1
13d182f2d86098fafd7e3bdcd19e0fd39826cc3db5e15f8ecc71bcb655f0c07b,2.000822783,1
1c0a41630b5cac336389be45847d61015327e5dc9affe92b726f182ad0f1c997,8.001289368,2
0e78437805639c14d6413de94c031fd1babdb561b7728d31ae06bfc5ff1766d4,1.000912189,1
0e78437805639c14d6413de94c031fd1babdb561b7728d31ae06bfc5ff1766d4,4.000644922,1
0d0c9bc37ae955b26c8bfecc22fcd072c4ea5ce95947a5051b5ed7399bff4f2e,4.00164628,2
0ec89b31a9f42decb7bad3c678c0994266ae6382435ec44c7ed3144b0f3dae2a,3.00173521,1
44864c96fa1c36602f0d045b268981b6cab638a60fc207c89e3bba235f619450,2.001823664,1
19b4bd774a67ed8b7593eac5069287b834f01f37f31ab1dadcd8b570dcc9b3ce,5.002557993,3
1c00e16c0db1f129d7b8b87fad27646fdfc393600d20182fa7eb94682601b913,5.001556635,1
0e78437805639c14d6413de94c031fd1babdb561b7728d31ae06bfc5ff1766d4,2.000822783,1
2099a9b5f777e242d1f9e19d27e232cc71e2fa7964fc988a319fce5671ca7f73,1.000911951,1
1483c82372b98e6864d52a9e4a66c92ac7b568d7f2ffca7f405ea0853af10e89,5.001556873,1
75ca28395bfc9ad121e29198a3124a330e4ad2c10463dd7b9bae68f48423fe71,2.001823664,1
0e78437805639c14d6413de94c031fd1babdb561b7728d31ae06bfc5ff1766d4,4.000645161,1
55fdec963805de594b61b2c1692cadc2c1dfb844d6ac10c5bfed33c842087b2e,3.000733852,1
4b9a7f50c0bb198c6f5414c5a8459f5d216d34ab521ea94c060ea35cac66f900,9.002202272,3
172e1676eda470ede17e9d491554bcbe97ba4691f92880064c8cb29ec35a467e,1.000911951,1
172e1676eda470ede17e9d491554bcbe97ba4691f92880064c8cb29ec35a467e,5.000556707,1
0546542b90c76d50b3f8480b8b330865f8e5f2a0622a0dc9c3d6d5746cd72a13,8.001288652,1
971da1f0faedbf8e001fbce469a319767f74c2ca9251b4e34bf5b96fe44f8761,3.001734734,2
0e78437805639c14d6413de94c031fd1babdb561b7728d31ae06bfc5ff1766d4,1.000911951,1
172e1676eda470ede17e9d491554bcbe97ba4691f92880064c8cb29ec35a467e,1.000911474,1
0d0c9bc37ae955b26c8bfecc22fcd072c4ea5ce95947a5051b5ed7399bff4f2e,7.001379251,2
234666d765f4c0a26cf4d96eced9155888477cb9b19e8cb48ae4ea79ce1b28de,1.000911951,1
0780e42173170ed42c3349d728e28197bd5a97ba9b8231da422cd3eeb4d7be80,7.003381014,3
1a6d9c97798d8997f85ed9228296d533be6b47f97217709d7e2b628e21800220,3.000733852,1
3c5d8ca315f8c36d4cd4beecbc55b34c92a2d6eb1df730908df6f23dd2aa08f7,2.000822783,1
15d45f2509126484f295a467baa497716a95742d401311586e75d5db3f88be9c,3.00173521,2
0e78437805639c14d6413de94c031fd1babdb561b7728d31ae06bfc5ff1766d4,2.00082469,1
172e1676eda470ede17e9d491554bcbe97ba4691f92880064c8cb29ec35a467e,3.000733376,1
0e78437805639c14d6413de94c031fd1babdb561b7728d31ae06bfc5ff1766d4,5.000556231,1
0a38b4739f62ff43b1039f63641c1cd522c80d67f6218db8551f4cd2a8e1187c,2.000823021,1
15bb14fd69723b98e18f94a6afa6b609933d982fffaa80b109bf64dbdc507b98,3.000733614,1
40b39ea6c2159767b4444e02ae797a44fd37b380cbb203c58c451dace3b6d4de,1.000911713,1
1299c06d517825c0529d69fe9f8bbf7b308b9db68289db3c9f844570deb1d621,2.000823021,1
15ad62b0acc9b211f656e82433f0d42f1ac9665876e30daaa6fbc6bc662b795d,4.00164628,1
226f76b55acb49701e06ded1d95165d179458f6fc37f5c6fc760ae30dec1c378,2.001822948,1
1a6d9c97798d8997f85ed9228296d533be6b47f97217709d7e2b628e21800220,2.000822544,1
24ed3fa31a50402dc751c033074f08dd636f59697b3c62ff179017ea588ebb72,4.000644922,1
39bb88f40d3aa2b2fe9dea67be27c74765db0ebb3ff3cf8fb779af6319fa2045,6.001469851,1
3635a91e3da857f7847f68185a116a5260d2593f3913f6b1b66cc2d75b0d6ec0,5.001554966,2
2d92cc08f22524dba59f6a7e340f132a9da0ce9573cca968eb8e3752ef17a963,4.000644445,1
40b39ea6c2159767b4444e02ae797a44fd37b380cbb203c58c451dace3b6d4de,5.001556873,1
734d0759cdb4e0d0a35e4fd73749aee287e4fdcc8648b71a8d6ed591b7d4cb3f,3.000733376,1
19f97769ca894113c3650cd77530cad18a5b081a79adec195b0db2eb4ce06c42,2.000823498,1
22c4ca5d4aad0e29ef781d215bb160534b8431e2e5879e43c7e2d142912c629d,5.00155735,2
0d21ae129a64e1d19e4a94dfca3a67c777e17374e9d4ca2f74b65647a88119ea,4.000645161,1
1a6d9c97798d8997f85ed9228296d533be6b47f97217709d7e2b628e21800220,5.000554085,1
5217d666606bf2040d47b48ff19b5f0d81b07ac65678b01e356191271224eecc,3.001734734,1
240571038c5050761742c59df31f1c2804300215576dae8994c97287f1e31c83,2.001823664,2
055f78940c07630352676197ab7c3ed8d5bb204d406e5c6ff101f870bc9b7dd7,4.000645399,1
055f78940c07630352676197ab7c3ed8d5bb204d406e5c6ff101f870bc9b7dd7,3.000733852,1
0337d6fcd298bc6696a8cade92eb2bc0568f213653c0df0349aafaf285f524a4,6.00246954,2
1a6d9c97798d8997f85ed9228296d533be6b47f97217709d7e2b628e21800220,4.000646114,1
0e78437805639c14d6413de94c031fd1babdb561b7728d31ae06bfc5ff1766d4,4.000643015,1
5b5eafc7cc65b2bb4f1647484f69d76dc585ab085622d0e26b1943a1e4e9a4d0,2.001824141,1
1072aa7d027aeab381d84e1f99c012f084293d4f07bbcc9552797943a198ff0c,6.001467466,1
39e5b4830d4d9c14db7368a95b65d5463ea3d09520373723430c03a5a453b5df,1.000911236,1
0e78437805639c14d6413de94c031fd1babdb561b7728d31ae06bfc5ff1766d4,5.000555754,1
2036f83ce71f236913ff0ddb26a3fc556ce51b06cd8352a2461da5beb7490a90,2.000822783,1
172e1676eda470ede17e9d491554bcbe97ba4691f92880064c8cb29ec35a467e,1.000911474,1
15cfbe902e41e2ffbb43a44546c9e6debc2861082346d2e0052f491b50f67031,8.003292799,3
1c00e16c0db1f129d7b8b87fad27646fdfc393600d20182fa7eb94682601b913,4.000644684,1
2397346b45823e070f6fc72ac94c0a999d234c472479f0e26b30cdf5942db854,1.000913143,1
17bea95c4d994bef57e50d8e4d2143505933f72b897f293a30f31876e34a07d0,3.001734495,2
19dc1c2e10e78610594dd7b574b7166e298b1fd7b0f73cdba9fe8e91eb10ecee,10.00511527,5
1eb2cf2faec287ff82d265b863f54383712b6ff74d66dff812381353582362e2,1.000912189,1
0e74a97ec6043702bebe27b5582b66de2df8ac7a7b0debe7d24e9ed9e066d7e0,5.001556635,2
02cf62656564decc54131e85c0415cbad4eb573a24278854fe8bc4aa3fe45268,2.000823021,1
0f2cb44170f42cc966535f392a10dcd4499426df69dc476f1bf36609f7fa8c1e,7.001378775,2
1e472b39b105d349bcd069c4a711b44a2fffb8e274714bb07ecfff69a9a7f67b,3.001734734,1
1a6d9c97798d8997f85ed9228296d533be6b47f97217709d7e2b628e21800220,5.000555754,1
60bfa6b5188a1c20691b4eb35e8448823072d90877b4c07666af4adfe679cf6d,5.002557993,2
2397346b45823e070f6fc72ac94c0a999d234c472479f0e26b30cdf5942db854,4.000645161,1
477e2d13152129e72c4a47a5abed06ce422daff2ca0e99d33bc527477effee34,4.001645327,2
1a6d9c97798d8997f85ed9228296d533be6b47f97217709d7e2b628e21800220,3.000733614,1
0f2cb44170f42cc966535f392a10dcd4499426df69dc476f1bf36609f7fa8c1e,2.001823187,2
173b3ecd32c173aef4f9c54d366372bab7aa2e5451597fed25c8e446064baff1,11.00202417,2
64a3c84a2d7d5c3719250662e6493d892e69fd4b1adca6a27bef6225d4eecf70,2.000822783,1
098d08de95d38eeec0842ad11e1e98d03c5afff456588f8ec0e9b2842aae39a3,5.001557112,2
1a6d9c97798d8997f85ed9228296d533be6b47f97217709d7e2b628e21800220,2.000822783,1
29ab8dd9bc17484c70b067d5483f41232a63505db64621f835b574049a545809,1.000911951,1
0337d6fcd298bc6696a8cade92eb2bc0568f213653c0df0349aafaf285f524a4,10.00211263,2
64d095f2fecfdeb907dae5403b10966c4ae755b7598aa078cb932e345bd0b5d0,2.000822783,1
0e78437805639c14d6413de94c031fd1babdb561b7728d31ae06bfc5ff1766d4,1.000912189,1
05c8bd5d4dcdb18b690e160fd7a5c5190ee9ce7eb565d88f8e7b1f81b5f25bf6,12.00193429,3
63d942da157a1ee4e0cf3f5bbf3984243788e786641466444cf3f5c2c604d41d,3.000734091,1
40c4fad484744b31c5b0634fdd97d1536f0fdcee1525b2394c551dd75d0eb7e4,4.001645565,1
0e78437805639c14d6413de94c031fd1babdb561b7728d31ae06bfc5ff1766d4,2.000822783,1
2d13ab427ffdaa125d6436319549bdaddd8670d8146a0a4f351d92e8c68adbf3,1.000912666,1
04a464fdbb669b566de33b9d44d0cb9cb49d51ef9b5a1632f8aab34ccb474246,11.0040257,4
33c64aa73045b193fe39bdd2426822b06035a0c5af8c7b278982ed55ef0e7ffd,4.001646042,2
0354fa127deb6e3b93672221f6ff949087c73ca67a45bc88ddcbde6042d40a8a,2.000822783,1
0ded688ee74a1511c09a4cc41ecc8272a6435b7f643b435b4dbf43a5cb329a3a,3.000734091,1
2b8cee8a60719dac3d437c32bd5e4e1905bbfceb8ccf846daa9ab69af64b48c2,1.000911474,1
172e1676eda470ede17e9d491554bcbe97ba4691f92880064c8cb29ec35a467e,1.000912428,1
197eb73ac8e7a845a3af30eb206ec9bd76f54ee83e40c0d275d8aa70e7c5a25d,5.000556469,1
234666d765f4c0a26cf4d96eced9155888477cb9b19e8cb48ae4ea79ce1b28de,1.000913858,1
172e1676eda470ede17e9d491554bcbe97ba4691f92880064c8cb29ec35a467e,4.000644445,1
4cf3ab13ec4367b7b740f2b7f3d477a8a32de23f8e8f399f63b3ed6976a19b12,6.00146842,2
172e1676eda470ede17e9d491554bcbe97ba4691f92880064c8cb29ec35a467e,2.000822544,1
2099a9b5f777e242d1f9e19d27e232cc71e2fa7964fc988a319fce5671ca7f73,4.000644684,1
172e1676eda470ede17e9d491554bcbe97ba4691f92880064c8cb29ec35a467e,2.000823498,1
2099a9b5f777e242d1f9e19d27e232cc71e2fa7964fc988a319fce5671ca7f73,2.000822306,1
0d0c9bc37ae955b26c8bfecc22fcd072c4ea5ce95947a5051b5ed7399bff4f2e,7.001378536,2
33d27802595aeec5fc9e3f8e13c4237aa6db71579494ea874ee055380e197e82,4.001645803,1
60f6f7c82d6cd3319c022d0ff0f79a6575bb336065b4ec46341f7acc05105663,4.001645803,2
0e78437805639c14d6413de94c031fd1babdb561b7728d31ae06bfc5ff1766d4,1.000911474,1
0e78437805639c14d6413de94c031fd1babdb561b7728d31ae06bfc5ff1766d4,2.000823259,1
15cfbe902e41e2ffbb43a44546c9e6debc2861082346d2e0052f491b50f67031,9.003202677,3
234666d765f4c0a26cf4d96eced9155888477cb9b19e8cb48ae4ea79ce1b28de,5.000555754,1
2099a9b5f777e242d1f9e19d27e232cc71e2fa7964fc988a319fce5671ca7f73,2.000820637,1
32ea22f4c85ee1a97079b18d2bc8b47ffb8dd190ded6323903a82dc177607637,9.005205154,6
172e1676eda470ede17e9d491554bcbe97ba4691f92880064c8cb29ec35a467e,4.000645161,1
2a0107774dd2becffa07ce134ceb8ed399226e0f6ce1247ab080c5027e6282cf,3.001734257,1
0e78437805639c14d6413de94c031fd1babdb561b7728d31ae06bfc5ff1766d4,5.000556469,1
1625f9db144171f78dc64afa00f5f5065f176d05eb8f9dcb11f6c8cd3624aaa6,2.000823259,1
27badc983df1780b60c2b3fa9d3a19a00e46aac798451f0febdca52920faaddf,4.000645399,1
48deb732e8de8fe7995bbc2816520798fcab815f62165af4d53bbc24434c963e,4.002646923,3
1a1cf797fabe7f95836fabeca626907c77b3e6c9aff7c2290b396a238c69362e,1.000912428,1
01a0123885ebec5b37b52ddc058c20d052525c654b69e7b7bfd5feb291428bba,7.002379417,3
27badc983df1780b60c2b3fa9d3a19a00e46aac798451f0febdca52920faaddf,1.000912189,1
06d3e145d4acc86902ab3a47a0ec73d2317354d0d48a1aeae191a73dcdddb600,4.000644922,1
5208ac35cc63a8d7f65f2daae2f2a932adbaf9b02a90e9f719db480a65660ab5,5.000555992,1
2099a9b5f777e242d1f9e19d27e232cc71e2fa7964fc988a319fce5671ca7f73,1.000912189,1
172e1676eda470ede17e9d491554bcbe97ba4691f92880064c8cb29ec35a467e,2.000822783,1
172e1676eda470ede17e9d491554bcbe97ba4691f92880064c8cb29ec35a467e,4.000645876,1
1e3158b9cf892d17d711336a58a7aa7f26bfcb422769a7ebb06a46f47f87726d,6.003469229,4
0e78437805639c14d6413de94c031fd1babdb561b7728d31ae06bfc5ff1766d4,3.000734329,1
3aaf7d14678d503ff87485ac0c8a6df14bb83e260a2786471e96ba97e9f732f1,5.000555992,1
1a1cf797fabe7f95836fabeca626907c77b3e6c9aff7c2290b396a238c69362e,1.000911951,1
0d0c9bc37ae955b26c8bfecc22fcd072c4ea5ce95947a5051b5ed7399bff4f2e,6.001468658,2
2397346b45823e070f6fc72ac94c0a999d234c472479f0e26b30cdf5942db854,3.000733852,1
27badc983df1780b60c2b3fa9d3a19a00e46aac798451f0febdca52920faaddf,4.000644922,1
2397346b45823e070f6fc72ac94c0a999d234c472479f0e26b30cdf5942db854,1.000911474,1
02abf8fa7d9c4db035df33acba2dcd495ae9af91152ea9a135533cb747eb3afc,16.00458217,6
1a1cf797fabe7f95836fabeca626907c77b3e6c9aff7c2290b396a238c69362e,1.000911713,1
097f274cf69e963a59672611fb2f65ef70b833337eadfd8685601d6bbdaa8220,3.001733541,1
1a1cf797fabe7f95836fabeca626907c77b3e6c9aff7c2290b396a238c69362e,3.000733376,1
3635a91e3da857f7847f68185a116a5260d2593f3913f6b1b66cc2d75b0d6ec0,5.001556396,2
36790ecd55c2030dc553685bef719df653f413a20cdad1bfd1dc934c76686ddd,7.001379013,1
6aea7c4f81ebe6ea46c5e0de47faddefcc7a800985763b446d8506e0e21ab402,2.001823902,1
02eb0fab1eaae6e083cf98bf4df565ef80b8a4655af5c772cecb356c447521b4,2.001823425,2
04db56ea3df5beb6ea813aa0dc0f653b27ee8bcc02b08a0fa15880b1bebcf4f9,6.001468658,1
7b69759630f869f2723875f873935fed29d2d12b10ef763c1c33b8e0004cb405,3.000733852,1
06c973e49be9fdbfdaa84a397b35b05baceec93d5ea35e4cba2d6eaecf97700f,3.000734806,1
28e7234668777f9ed7a63b82eac501322fa9ac707238d8a3e9e89c599458ab13,1.000910997,1
0a6ac7af764df6ddd78b15dcc676dd10865d942e576b2c3b3cf88581e31d2c23,8.003292084,2
0ca0e4786935b01681c31aa875a89276605cb1cb2325b8a81839368e35208ba3,2.001823425,1
0a1f1256f9bac68e806442aa76455bb761af5414855efa23c1b3fd54477c0ba1,7.002379656,2
27badc983df1780b60c2b3fa9d3a19a00e46aac798451f0febdca52920faaddf,1.000910521,1
1248442115e1eb2b6c04c2856cbad41b57d58cd2b8cec9013a2442f728d54d1d,5.001556396,2
33512007840ced1bb0aab68f47cb5f702abd494a15f26bcbe26a1e47af03d841,4.001644135,2
016562d2d357325c642f6a5961d7d242a47dd7dd30ccf0e59d578246488272af,2.000823021,1
2c69bc9b34fb0800a44a702e45019c107dfdc8273b9feb62c9615addc7138bde,6.002468586,2
3141d9c749e88ee5550192703c3e025a9b3446ec543f17a923cb24e7b61dfece,10.00111198,1
a512db2741cd20693e4b16f19891e72b9ff12cead72761fc5e92d2aaf34740c1,3.000734091,1
1593a32a7527834ce61f217da68cf28f6e52dbc96b1b5ab9faa21a23e7bb5e24,5.000555515,1
2397346b45823e070f6fc72ac94c0a999d234c472479f0e26b30cdf5942db854,4.000643969,1
0169e07867a67fd255dc4bd1b582fe6f0a48f5bc43ca63d75e80e84a57618e35,1.000911474,1
0e49147e883e64a8cb07de8e2669e8a5b9c2a9c48d840df07ccb6ef9ab124b26,7.001379013,2
1a1cf797fabe7f95836fabeca626907c77b3e6c9aff7c2290b396a238c69362e,2.000823021,1
1a6d9c97798d8997f85ed9228296d533be6b47f97217709d7e2b628e21800220,1.000911951,1
09cc2d87080e6edd0f2c9c13182f706f83e44d58583e6c193dcc247e0154cd91,7.003380775,4
084b3322a28c2f6e4a1322231ce6af05a1d79b58fcf9902360866c0b21e641f6,5.001557589,2
23e25af3ed0985fc83d10a8d1b58cb3fe5bb51a28c5f24a000010f17015036ae,4.001644611,1
109605b9bd377f6c636831a2a8a5c6f397e5887c28c3071688413a15388066c2,2.000823021,1
14fa846e945eff90ed592251d91df8950d27ed182225f012bd5e8e71a6baead2,6.001467943,2
1a1cf797fabe7f95836fabeca626907c77b3e6c9aff7c2290b396a238c69362e,4.000644207,1
05371251d54c7b478bfd07fc4678b21b067d86c4f266433977e81b15bea22a50,5.001557112,2
0896df2ec0392495804cea8485b3a54af0acee83b2ba6a907f44f3d21d6553f8,1.000911713,1
0e78437805639c14d6413de94c031fd1babdb561b7728d31ae06bfc5ff1766d4,4.000644922,1
234666d765f4c0a26cf4d96eced9155888477cb9b19e8cb48ae4ea79ce1b28de,1.000912428,1
1134c0a7d44fdae1afd7f1f64e2789496784095ca0a050947d659c256d331d34,8.002290726,3
1744784df13e160509c06d101c96cb212fe482375338f537e65c2d41b5d8d548,7.002379179,2
172e1676eda470ede17e9d491554bcbe97ba4691f92880064c8cb29ec35a467e,5.000555992,1
5f99883da34c88384d42b8255ac7946e7749e351a95a580d6b1bf5c5934e258a,3.001734495,1
399049c86a8907a11ee09555e900546fe2808c4bbd817e8c4db06247b8299226,6.002469301,2
22b954454cfc20ef4813c70018c81004795496191338841e0ca4b9ed6e04e81a,3.001735687,1
1a6d9c97798d8997f85ed9228296d533be6b47f97217709d7e2b628e21800220,1.000910997,1
04a8708c3a481ced13845a30de522486895de0592222c29326d9139ec2b9df25,6.001467466,2
2099a9b5f777e242d1f9e19d27e232cc71e2fa7964fc988a319fce5671ca7f73,1.000911713,1
110809c6a68d2c282ec2b379100334253c975c55dd11f4d8552a4ff9bdafc0f4,3.001734734,1
3f7e05acc03b0893efd9bbb4990cd9d20b1451ab549633510c427f96c40e7143,1.000912428,1
01a0123885ebec5b37b52ddc058c20d052525c654b69e7b7bfd5feb291428bba,6.002469301,3
13d182f2d86098fafd7e3bdcd19e0fd39826cc3db5e15f8ecc71bcb655f0c07b,7.00137949,1
13d182f2d86098fafd7e3bdcd19e0fd39826cc3db5e15f8ecc71bcb655f0c07b,2.000822783,1
2397346b45823e070f6fc72ac94c0a999d234c472479f0e26b30cdf5942db854,4.000644922,1
09895de0407bcb0386733daa14bdb5dfa544505530c634334a05a60f161b71fc,2.001824141,1
191033e9f8ef936cb7f3e0b0b2a5a3b8f75d99ed0abe1ebaad933320e39947a3,5.000555992,1
77ef1033c7249d619411ef17a85a8fbe51f2447741e6405f43391f0b831d9213,5.000556231,1
2397346b45823e070f6fc72ac94c0a999d234c472479f0e26b30cdf5942db854,2.000822306,1
20e9c64c05a54d199610fb7e38135361324b5ed5dcf39c23afe9b48926c07376,6.00146842,2
09895de0407bcb0386733daa14bdb5dfa544505530c634334a05a60f161b71fc,5.001556635,1
77c2f9edc1f7a0d882a8eb4a3d6c8333b5b5d0fb5a6354329c8d09e163cc61be,2.000822783,1
3141d9c749e88ee5550192703c3e025a9b3446ec543f17a923cb24e7b61dfece,4.00164628,1
5a72f0090ccdb63824e981e51afaf0e0fa15ff3d9f824f0a62e4a1cc92036ac2,3.000733614,1
1e472b39b105d349bcd069c4a711b44a2fffb8e274714bb07ecfff69a9a7f67b,2.001824141,1
1c2a014b8cd4157f476bcd66c93beb72b7f89254df37f84f79fa0b385198e253,4.001646042,1
1a1cf797fabe7f95836fabeca626907c77b3e6c9aff7c2290b396a238c69362e,4.000644684,1
0e78437805639c14d6413de94c031fd1babdb561b7728d31ae06bfc5ff1766d4,1.000911951,1
0e78437805639c14d6413de94c031fd1babdb561b7728d31ae06bfc5ff1766d4,5.000555754,1
64d095f2fecfdeb907dae5403b10966c4ae755b7598aa078cb932e345bd0b5d0,3.000734329,1
234666d765f4c0a26cf4d96eced9155888477cb9b19e8cb48ae4ea79ce1b28de,3.000734091,1
0cda93595bbcc09af898efd2620f11c01fa1a967b3f6edd313cc6161757cc732,9.00320363,3
2397346b45823e070f6fc72ac94c0a999d234c472479f0e26b30cdf5942db854,3.000733614,1
083f509d5f1c7e8f9576f34bb39ef16459ffe01d7d9e23f5468edef845711968,5.000556469,1
7b69759630f869f2723875f873935fed29d2d12b10ef763c1c33b8e0004cb405,1.000911713,1
07100f772eceed2ef23ba98a7efc794e78340637b9dea54679b08518610f4a85,7.001379013,1
172e1676eda470ede17e9d491554bcbe97ba4691f92880064c8cb29ec35a467e,2.000822783,1
22b954454cfc20ef4813c70018c81004795496191338841e0ca4b9ed6e04e81a,2.001823187,1
22a2fa7d04248931a8853a7714b86546610afd01b2b1841890e979ba7ba6bcae,2.001824141,1
172e1676eda470ede17e9d491554bcbe97ba4691f92880064c8cb29ec35a467e,2.000823021,1
172e1676eda470ede17e9d491554bcbe97ba4691f92880064c8cb29ec35a467e,3.000733614,1
45297c633d331e6ac35169ebaaf75bc7fafd206ebb59ba4efd80566936e46eb0,6.001467943,1
3f83e9ad5be63bd5bf2fd009fffe6b7dd4066243975bc962edc37459c17e65b9,5.002557755,3
172e1676eda470ede17e9d491554bcbe97ba4691f92880064c8cb29ec35a467e,1.000912189,1
0337d6fcd298bc6696a8cade92eb2bc0568f213653c0df0349aafaf285f524a4,10.00211239,2
2e197588adf9424a88342a0cd9ac3b102f5adadaaf5e151a12cb88921c918899,6.001468182,1
282a0b4f8b155751aa03340130539cdfdae3072e337f636c24988ea05fddfeb0,1.000911236,1
0d33156ff365c0f82873236535e190ab648aa86c8afb4759c054de53f2c70d6a,8.001289606,1
46afbcfb9cf5a38854085e9c729be3a9d8121112eed85633574c0f18ecb764ce,4.000645161,1
186b05a63612e82a21b1feab6d19679e9b666e515c7aebf7c7da0cb38660807c,3.000733852,1
45b120bb08854e18123188f37c3d0b52d06781d415fb5b56a684870a779e09bc,3.001734257,2
13b92326aee45b686501b518930032a92c937945b258b461840f4b2572ed9d68,6.002469063,2
1eaf311a9044b532a4b76e5f3f68ce7d09d300a622e18fc5cef8fb104c4df97c,3.000734329,1
3f725dca10c20657311f9461a22d1803df7ac8c994b5f2992d3bb878e30c4a4e,4.000645161,1
2ef27aae1ccc1a007d084b18754467d6f6e315e9d335af17c84b92aabae4f3b0,3.000734091,1
2ce63a6eeb56a4317cc8389580f0005e54f8c324ea79cde0ed5911c63533a1be,1.000912428,1
08bac6f4fe609cd59f8bd9d292837bdcc5869bff0f390317ddf536b52456a5c6,2.000822783,1
1a6d9c97798d8997f85ed9228296d533be6b47f97217709d7e2b628e21800220,4.000645161,1
481f137adf300bf00a60902a10d2b44a6accbd91967057bf146d93316983a997,3.000734568,1
3d3f6ca967cfcb89fb92cf4538368d3a24186ce44fefb8934d3b4f430fa6902f,3.001734734,1
3d3f6ca967cfcb89fb92cf4538368d3a24186ce44fefb8934d3b4f430fa6902f,7.001378298,1
957004db88d2a72efeeb81983b04d5d6ec667ba49c568510d60710382c94c7c8,3.00173521,1
0ded688ee74a1511c09a4cc41ecc8272a6435b7f643b435b4dbf43a5cb329a3a,1.000911713,1
172e1676eda470ede17e9d491554bcbe97ba4691f92880064c8cb29ec35a467e,1.000911951,1
064c3e311ef63912b0cc91db9681ce2d301c3e76c447febf8faa303de38cc005,7.002379656,2
44114c3d5aa5c4cba555cc57201a396a3ec4e8a08afd78a4c29dcffd2a894dc6,4.001646519,1
0a9166bb631b4fdf9b931f842ac88c261ccedf03983fde452ef38dd386bef0c0,1.000912666,1
11cb42b24dbcf3b5434d39e122618f5b48c49ebc21e4f691b14c53ee17e1145b,7.002379179,3
226f76b55acb49701e06ded1d95165d179458f6fc37f5c6fc760ae30dec1c378,3.001735687,1
27badc983df1780b60c2b3fa9d3a19a00e46aac798451f0febdca52920faaddf,2.000822544,1
1e61da9318ad5f39fa341ffa808659430fd708a76917b50851a1fbcf88375f1e,2.001823902,2
0b9367bf833bb18905395725154844ecc681a0f543e4cbf7bda7ff3296857a63,2.000822544,1
2397346b45823e070f6fc72ac94c0a999d234c472479f0e26b30cdf5942db854,3.000733614,1
39bb88f40d3aa2b2fe9dea67be27c74765db0ebb3ff3cf8fb779af6319fa2045,6.00146842,1
7b69759630f869f2723875f873935fed29d2d12b10ef763c1c33b8e0004cb405,2.000822067,1
1e472b39b105d349bcd069c4a711b44a2fffb8e274714bb07ecfff69a9a7f67b,3.00173521,1
1f8e6be1ffb51542016459264e33917a683a2cd641c249a3455305ee9a3134c3,4.001645565,2
27badc983df1780b60c2b3fa9d3a19a00e46aac798451f0febdca52920faaddf,1.000911951,1
079929837aeda7221c65f389ecef2887a0f87f27b13e845a458b89f57d85dd06,6.001467466,1
184ae75b90ab5601f572b88145f94d4531d34f905c72a062e2e3efbace6e2023,5.00155735,1
20819e9c850a1d25ee2b3104993ed8d3b0ea9bdeb5e96c11e3138668eb731b73,2.000822544,1
0643d0c28095635fdf7fc016c050d186ffff5c8acdaba7bf2ef26ad0fb7f346d,5.001556873,2
27badc983df1780b60c2b3fa9d3a19a00e46aac798451f0febdca52920faaddf,5.000555754,1
52aa05fc46da50db3fa730858c8f074118e1a1eb88926f3bb39261b32fdadc04,1.000911474,1
194409ffe6a52abfef8d1e487f41cf4f65325c9eaace008c226ba8d9ec0c23a3,6.001467466,1
7e02bbb5a0080e68bdd7e10e963499c8fb04476071d9568bec6e66eb93a13962,3.000734091,1
3dff5ac730d451030fecab156051e979e7fda0f7bb34fa877555c49549c6f071,5.000555992,1
4e5a61d164e48a6c0bdc452c518800469de54b5ff32b3e88cf39b11cf3271c2a,1.000910997,1
1173b00bed000d7a9dbc26078fc3c8c11f80343dd9b4726d356d1fc0d72715e6,2.000822544,1
0722c14fd9e4690b6038582f09d141600e829bcfb2314fb3fd0b04dcdede3010,3.00173521,2
183d58f7c3e44c77886cc404b8028e9e57c25e35ebfc189f38f2300733b3a434,5.000555515,1
256a6c21230068c35f4c4a5567cbf904ae5e18906d7dbfad4dba722d36837b90,1.000911951,1
11cc711faba3a59c5d283245a0bab78ffeafa500b0b2b03d980b9fe45998d24c,4.00164628,1
2fac394011e7d326f9c7ff5e532316be43ce2e7d88b4f1377f585e8c8c083672,4.000643969,1
4ddc4754c625a03b423c3255cbbb68125933ef5bf66f0d00ca20ed3da6bf6c2d,2.001823664,1
2397346b45823e070f6fc72ac94c0a999d234c472479f0e26b30cdf5942db854,3.000733376,1
0fb64c260d4732b5a4dc8e52087160e40dbe630058bcf42c282cf9188032a465,3.001735449,1
01375f53651cff383d9aca5da90de6f4d859a2069e920c39f9700fe8a86e463c,2.000822306,1
2c4c4c317b201bc2363c053f5c80a50f8d111062b8cfb8f2e52510a6fd38bce3,5.001556873,2
27bc48b6f02822e2931a01bcd8e8dff7f743fc51603b6a49e7e5bb0cc136a788,5.004559517,4
04b3bde59b15dfe622b761383a640599cb6ef454f2324f091ac1de758008f9c0,1.000912189,1
0532102868278c8037e6c5bb0383d2241f4fdbcb02a94c7331b77cc757b6e0ae,4.00164628,1
4720b179b19546dda760782d96c931474afd682861f87143f2b8ba2e183d88a2,4.001645803,1
098c34d0a9154864e825ff44ed0b5b70719e84a73bff869369542f813faec4da,2.000823021,1
234666d765f4c0a26cf4d96eced9155888477cb9b19e8cb48ae4ea79ce1b28de,1.000911474,1
08ea07799da9b8948f1df2e339def3db7af84e92ac2aa59a8da9e795eb97858d,5.001558304,1
7d8b8d632408ab365bead3bac3df9b05b73aa23e45c1e4a6e1358671e63ed1e0,5.000555515,1
32cf64b0b2b2318c13fa640cb7eba9a4ff8a3d8f26d04f5605520eb3f8037868,2.000824213,1
0e78437805639c14d6413de94c031fd1babdb561b7728d31ae06bfc5ff1766d4,4.000644922,1
5b48b8535aa9bf238aef0fc582ab4883533dabd384e70f755619675500bc4a53,1.000912905,1
006f3570ed2d6ce43876619a85ccf981c1c2786e2e08f5908f4f26ae0db05ebe,3.000733852,1
3873ecf4855ce373db4b7afc32fe5884d984d37a32c2c605065671d3eed825d4,3.001734734,2
2099a9b5f777e242d1f9e19d27e232cc71e2fa7964fc988a319fce5671ca7f73,5.000555992,1
5b63f3e420491df16ce14261812cb13bea56ef0ae0d4c058859b3eb55ef83b05,1.000911951,1
021a40194d118e4844d1be92fc520da6dab8d31adce4b2b692ba5f47067d5087,12.00493813,6
1f046767cc6b408e1b09b2ae5224edff0e3e8ce911b5ea09c6910ca1fe8af9fe,3.000734329,1
00cc75b3c354bd864d646cc1a790268c33916bd2a32b78b502151640596f7702,5.000555515,1
64d095f2fecfdeb907dae5403b10966c4ae755b7598aa078cb932e345bd0b5d0,1.000911474,1
09895de0407bcb0386733daa14bdb5dfa544505530c634334a05a60f161b71fc,4.00164628,1
1a1cf797fabe7f95836fabeca626907c77b3e6c9aff7c2290b396a238c69362e,2.000822306,1
1df8153c919b047477c927efdecf3abbf565fa3d56e67477bb95b60ecee76fec,4.000645399,1
1a6d9c97798d8997f85ed9228296d533be6b47f97217709d7e2b628e21800220,4.000645161,1
64d095f2fecfdeb907dae5403b10966c4ae755b7598aa078cb932e345bd0b5d0,3.000733376,1
0337d6fcd298bc6696a8cade92eb2bc0568f213653c0df0349aafaf285f524a4,7.002380133,2
3b731d7620bf723f5df5cb3dc1ab0c3f452db716712cc14379a4dfd92d19182f,4.002646208,2
172e1676eda470ede17e9d491554bcbe97ba4691f92880064c8cb29ec35a467e,5.000555992,1
172e1676eda470ede17e9d491554bcbe97ba4691f92880064c8cb29ec35a467e,2.000823021,1
22b954454cfc20ef4813c70018c81004795496191338841e0ca4b9ed6e04e81a,3.001734495,1
45297c633d331e6ac35169ebaaf75bc7fafd206ebb59ba4efd80566936e46eb0,2.001823664,1
14e3ca1a6894d2f901db990dff8a8205db1cb17d9d6304ca7a83c4a160be8407,3.001736164,1
374488f43bc517559717ca9206a7d5d8d84246cf50b900e065e4afc6619c7e31,4.000644684,1
3c5d8ca315f8c36d4cd4beecbc55b34c92a2d6eb1df730908df6f23dd2aa08f7,4.000644684,1
0091f6bc43ff648a9affd9979f776420932c4ecb6e625112b87bc533d4b30307,4.002646446,2
2f27d7e0fd2986ec261b8409fbef685150889e4e196125370d8a9a2296e7a18a,9.003202915,4
34687244ea3d9b9561c6b06c8400e8f1df7c01a3cd30d9fa52f5d61ee094438e,1.000912428,1
07ff82f2c26bb87eb638d65a6ed271320b34c6ccc7b5a3f6c8404d737f80222c,1.000911713,1
07a177d433242be26bbe808c9fcb76749401a755d53ae026e7ee81940deaa2f5,4.00164628,1
0113457f750c8cf93d2330de4e80aa43adb30dfcad3df018b2db75552f5a25a6,2.000823021,1
14bd941c7fc58dd5868c91c1cba98cf48aa8f3c90594a252e864b65f5fe3197d,6.001468182,2
087eedfbccd7e6e0f1ee34c9f73fa22d2dd09334b54cdbf9461cb04fdc176492,1.000911474,1
0e78437805639c14d6413de94c031fd1babdb561b7728d31ae06bfc5ff1766d4,2.000822783,1
1a1cf797fabe7f95836fabeca626907c77b3e6c9aff7c2290b396a238c69362e,2.000822783,1
1a1cf797fabe7f95836fabeca626907c77b3e6c9aff7c2290b396a238c69362e,1.000911951,1
04ff14276199969c3a58c2aa558e3ad11266e0280fade7d8fdc4edb133663ea9,13.00284767,4
1a1cf797fabe7f95836fabeca626907c77b3e6c9aff7c2290b396a238c69362e,2.000821829,1
04d901cdcc744547648b1942b9ecb2ad2b6a4af2a98be503d39cacd3e88da431,4.001646042,1
1f498bac4b23bacc32684c7a2f3abeca22d55509ecfa6853e1d428c0443218c2,5.001556635,1
7d6095eca00e93bd0c9cb8a1e44d64add19d521ce0f37877ff72bd48bc33d21c,3.000734091,1
08fe85641e56c699a56e18bb518a557ce4607360eb78b289bfbaf472b8ba6e0d,1.000911236,1
15197cf7214b58e67cae565e573ffd9aa44bcb81f8ee5d7185dfe8da0a16ef43,8.001290083,1
a4c6af0cb6f02dff01ba174e4cf11f24f73d9ed16ca7a1e3c9d831c0139faa5c,1.000912189,1
172e1676eda470ede17e9d491554bcbe97ba4691f92880064c8cb29ec35a467e,3.000733376,1
2a3d253e5273a3e67096224cca77d84c7fc096b0515320989df59d4b177636fe,3.001734257,2
0bba869d7f392cbcaca6b8935ddc7fc3a8c50846d884959333fb7da475957511,3.00173521,2
226f76b55acb49701e06ded1d95165d179458f6fc37f5c6fc760ae30dec1c378,3.001734257,1
234666d765f4c0a26cf4d96eced9155888477cb9b19e8cb48ae4ea79ce1b28de,3.000733852,1
234666d765f4c0a26cf4d96eced9155888477cb9b19e8cb48ae4ea79ce1b28de,1.000912189,1
0e78437805639c14d6413de94c031fd1babdb561b7728d31ae06bfc5ff1766d4,2.000823021,1
2a3d253e5273a3e67096224cca77d84c7fc096b0515320989df59d4b177636fe,4.001646519,2
2099a9b5f777e242d1f9e19d27e232cc71e2fa7964fc988a319fce5671ca7f73,2.000823021,1
19e86b373d0ebcebda8575a87ad49e0eceddef9e9cd138316e62ddea8b440256,9.002201557,3
22a2fa7d04248931a8853a7714b86546610afd01b2b1841890e979ba7ba6bcae,4.00164628,1
0ea9cf52f582cc8e2f9d24d442e586b7511d5d6295ac1c26156da2265ac49a30,1.000912666,1
04db56ea3df5beb6ea813aa0dc0f653b27ee8bcc02b08a0fa15880b1bebcf4f9,2.000822783,1
234666d765f4c0a26cf4d96eced9155888477cb9b19e8cb48ae4ea79ce1b28de,2.000822067,1
2099a9b5f777e242d1f9e19d27e232cc71e2fa7964fc988a319fce5671ca7f73,3.000734329,1
27badc983df1780b60c2b3fa9d3a19a00e46aac798451f0febdca52920faaddf,1.000911951,1
04a8708c3a481ced13845a30de522486895de0592222c29326d9139ec2b9df25,5.001556873,2
39bb88f40d3aa2b2fe9dea67be27c74765db0ebb3ff3cf8fb779af6319fa2045,2.001824141,1
2dfe70c43208f52b9ef4ea7e134705283947116491e81fbac05f0aedc25c5956,12.00193477,2
2099a9b5f777e242d1f9e19d27e232cc71e2fa7964fc988a319fce5671ca7f73,2.000823498,1
172e1676eda470ede17e9d491554bcbe97ba4691f92880064c8cb29ec35a467e,3.000733137,1
2397346b45823e070f6fc72ac94c0a999d234c472479f0e26b30cdf5942db854,1.000911713,1
0bba869d7f392cbcaca6b8935ddc7fc3a8c50846d884959333fb7da475957511,3.001734972,2
1c00e16c0db1f129d7b8b87fad27646fdfc393600d20182fa7eb94682601b913,6.001467705,1
734d0759cdb4e0d0a35e4fd73749aee287e4fdcc8648b71a8d6ed591b7d4cb3f,1.000911713,1
14223bf1efd4298b4384f30033bb4715e62a2c30631301ed4318e674246094da,4.000644684,1
226f76b55acb49701e06ded1d95165d179458f6fc37f5c6fc760ae30dec1c378,4.001645803,1
45297c633d331e6ac35169ebaaf75bc7fafd206ebb59ba4efd80566936e46eb0,4.001646757,1
65b83bca65cdf6fa4876c7015a8af61a86bd5390bdf73ef33ad16c75bdccd718,2.000824213,1
2ab0e1123d397a58f7a839d63ff07e99ca4e386f3eb93e4ae4316d2e9cbf27ff,3.000733852,1
1fdc5156dff53e1ed8febfd0bfdfeedba271cde3e7bae67acd44e715a1badc78,1.000912189,1
0e8046bde3a8be6ac0475aa85bd492313f971bf9954e66f0c103ffa71ad616de,14.00275755,4
44eecee903a17c96d2216275804da8c798287b661fcd114b0dcfa2f414d47dc9,3.000733614,1
23e2c21019bd22649075958f75d16fbf4d72454f93afcd839eb27675e4359f2a,1.000911713,1
11d2c55502f841ac3d2c5c9d23348319d368e166d76af06498da4c4bd5ef7e83,5.001556635,1
50faafc1b4a5f0c8d5b7b9763d5bfad841a9130918498c9bdd887ee6974caa9c,2.000822783,1
28fa91801ec86510cf493e5a476eef58418b61672fb818e7186a048db1f39237,2.001824141,1
0c4d6bf3265be8b2d1fb8b985782b838fb5485844ca52fed0d80464be4328ce2,1.000912428,1
1593a32a7527834ce61f217da68cf28f6e52dbc96b1b5ab9faa21a23e7bb5e24,2.000822783,1
0c4d6bf3265be8b2d1fb8b985782b838fb5485844ca52fed0d80464be4328ce2,2.000823021,1
1744784df13e160509c06d101c96cb212fe482375338f537e65c2d41b5d8d548,5.002557993,2
15811bd57b46d0025f3a839bb785419c90f4f22518025a487979085da2c6a189,3.000734091,1
07c34db0f9b498e6d52c5de8ecf9fd8464fefc92f17b8cc0dacb53f87b4776bc,5.003559113,3
21cce305b20c2fb98e6d2d6cf38a2917894191e862fce0a726064856e71dc107,7.001378298,2
0e78437805639c14d6413de94c031fd1babdb561b7728d31ae06bfc5ff1766d4,1.000912428,1
0337d6fcd298bc6696a8cade92eb2bc0568f213653c0df0349aafaf285f524a4,9.002201319,2
3b1a1b2f9755eb68a5b232d1a0d5c16146911db9473e40c8114c291c1519579d,3.001734972,1
1a1cf797fabe7f95836fabeca626907c77b3e6c9aff7c2290b396a238c69362e,1.000911474,1
03b5c1838a9a157c46665a6a6d74ad5d8ee6d95edb335df103c53a3a4ba52a54,6.002468348,3
0d0c9bc37ae955b26c8bfecc22fcd072c4ea5ce95947a5051b5ed7399bff4f2e,7.001378775,2
1a1cf797fabe7f95836fabeca626907c77b3e6c9aff7c2290b396a238c69362e,3.000734091,1
20460b19e2b7e0e6162fe077117f8e36a2248f79e2dc7f05ab14ba23c173706a,4.000645399,1
3cb17ac548c418485ea65d7cac76bd7d8b6ef4b5a035e472fd5c885eec84aee3,7.002379179,2
3fb0ea90b8a70f9029521e538856682f6445ec593733c00796ae208acafb196b,1.000911951,1
05101d71f2665df79a813ec4b372bc4117d2e90ec0cf3c1e719cdce34b87afa2,9.00420332,5
27badc983df1780b60c2b3fa9d3a19a00e46aac798451f0febdca52920faaddf,2.000823498,1
2397346b45823e070f6fc72ac94c0a999d234c472479f0e26b30cdf5942db854,4.000644922,1
3fb0ea90b8a70f9029521e538856682f6445ec593733c00796ae208acafb196b,1.000911951,1
151f2f09df65212d8eaabd02b4a172795f925e59355150b4e5c5a15122f5d4b7,8.002290249,3
29586ebf8628dabe21414088760febc9c33e69bfa7355ab5c21b9076dacaae46,3.001734972,1
2397346b45823e070f6fc72ac94c0a999d234c472479f0e26b30cdf5942db854,4.000644445,1
27badc983df1780b60c2b3fa9d3a19a00e46aac798451f0febdca52920faaddf,5.000556707,1
7b69759630f869f2723875f873935fed29d2d12b10ef763c1c33b8e0004cb405,2.000822783,1
1a6d9c97798d8997f85ed9228296d533be6b47f97217709d7e2b628e21800220,4.000645161,1
2397346b45823e070f6fc72ac94c0a999d234c472479f0e26b30cdf5942db854,3.000734568,1
088c663644e88a170c0e4e3b29bfc0e280a2a2535319d224eeaec400281bb339,6.002468109,3
0e78437805639c14d6413de94c031fd1babdb561b7728d31ae06bfc5ff1766d4,4.000646591,1
2a50ac545f30b02200c4f18f694ce7e0ce691e9f509c38d8beebf3b4dd046b53,2.000823021,1
1e472b39b105d349bcd069c4a711b44a2fffb8e274714bb07ecfff69a9a7f67b,3.001734972,1
27badc983df1780b60c2b3fa9d3a19a00e46aac798451f0febdca52920faaddf,5.000555754,1
75a7c8e504f1cc7fe057952f24585628b4d5bb6a257f883e71aec42d5e351299,4.000645161,1
5d69d55ace245c9ac57a0dcf38e08c6c60e5068411d65c176d14501644bdc118,1.000912428,1
00aff878189fb39d668125fc96a505ec5c80188e8c9a97e794e1d8bb83c11b29,4.001645803,2
27badc983df1780b60c2b3fa9d3a19a00e46aac798451f0febdca52920faaddf,2.000822783,1
2397346b45823e070f6fc72ac94c0a999d234c472479f0e26b30cdf5942db854,1.000911951,1
0a2275f3bc3c5a53f9fba26828313a318522df3711c1deb32632653660bd015e,3.001734972,2
09cc2d87080e6edd0f2c9c13182f706f83e44d58583e6c193dcc247e0154cd91,10.00311422,4
3d2d181d21a5970ea22c0130d5aef242eb3202d4c5aa41df0214aedd6dc460af,1.000911713,1
02141810795aab0ec079efd12dab0579c39695cbd7598c93ead45180f7f5d2ad,13.00384736,4
27badc983df1780b60c2b3fa9d3a19a00e46aac798451f0febdca52920faaddf,1.000911236,1
172e1676eda470ede17e9d491554bcbe97ba4691f92880064c8cb29ec35a467e,2.000822783,1
2de9b960babeff3d102bb91c52ba33005c807487fcd8d9185d1080187aefe192,2.000823021,1
2397346b45823e070f6fc72ac94c0a999d234c472479f0e26b30cdf5942db854,2.000822306,1
04a8708c3a481ced13845a30de522486895de0592222c29326d9139ec2b9df25,5.001556873,2
20e9c64c05a54d199610fb7e38135361324b5ed5dcf39c23afe9b48926c07376,4.001645565,2
2036f83ce71f236913ff0ddb26a3fc556ce51b06cd8352a2461da5beb7490a90,2.000822544,1
2df6cbd15f4760edf0e63e12b2e8bb730238ea17fa31ec5b06fb334d3c78c531,1.000912666,1
0337d6fcd298bc6696a8cade92eb2bc0568f213653c0df0349aafaf285f524a4,7.002379656,2
3a3d2a04c0cf3c4e647c3a10f6eed0c2fe3a0a75571c7073f9fe50d06d75539e,1.000911474,1
0e78437805639c14d6413de94c031fd1babdb561b7728d31ae06bfc5ff1766d4,5.000555754,1
0e78437805639c14d6413de94c031fd1babdb561b7728d31ae06bfc5ff1766d4,5.000556231,1
3873ecf4855ce373db4b7afc32fe5884d984d37a32c2c605065671d3eed825d4,3.001734495,2
1a6d9c97798d8997f85ed9228296d533be6b47f97217709d7e2b628e21800220,2.000822783,1
1a1cf797fabe7f95836fabeca626907c77b3e6c9aff7c2290b396a238c69362e,3.000734329,1
1a1cf797fabe7f95836fabeca626907c77b3e6c9aff7c2290b396a238c69362e,5.000555515,1
64d095f2fecfdeb907dae5403b10966c4ae755b7598aa078cb932e345bd0b5d0,3.000734329,1
4103f0a4e707b1c7bebbc42809ab0ace8dd3f56d844d7903bfe9f95a2ccc6972,4.001645327,1
3fa9822f22c24a6fa9108369f31c47ad4cabee517e35c9d45461ba93b7bb736f,2.000822783,1
09895de0407bcb0386733daa14bdb5dfa544505530c634334a05a60f161b71fc,3.001734495,1
22b954454cfc20ef4813c70018c81004795496191338841e0ca4b9ed6e04e81a,7.001379013,1
afccd937e6ac2d1b6d6e9f318bc5e8a179c977c7413b33b3e4d902ff8cec501e,5.000555754,1
27badc983df1780b60c2b3fa9d3a19a00e46aac798451f0febdca52920faaddf,3.000733614,1
2397346b45823e070f6fc72ac94c0a999d234c472479f0e26b30cdf5942db854,3.000733852,1
0720b8357f2f6a382bdb3830d157e6ce0da8d746089e8ad481b9e7acc0cfd71b,5.000555992,1
47b61a126c54a6b117c3fc4ea2023c6a8637572f30ca97c179279cf607f156d0,1.000911713,1
0ecc169a204627baa86bfb7f59047e1c6cd06670c4727f2f294f827edcce6b2c,9.001200914,2
407e2aa5404fcd11b1c29ff8a234dfa1a5a8640d345b1dd9376d0b605874a192,5.001556396,1
7e18680e30460a277384529a414b0218fd842b39c568e9f07d6e6a86cab82346,4.000645399,1
4f5dc61f6a415f5c246aa5b2c2b971ff221ddcdd3cbc961aa0fe205394241a29,3.000733852,1
1059b7165f244caa9674f7bba1cd99f39f26f9bb99edeb078517d5955ee0960a,4.001645565,1
5745256d676259f200b8082994918be95cd2fccba56b98b82213346c6c09bbd0,1.000912189,1
0f9a3de4bfff45f65fd6c7f8bd6bee2d7584ad6cdcee2839bffbc4b876316552,4.00164628,2
29f26cae878f1889dbaae8f43675b848aaf8309e05f4d448c13a3187236b4d51,2.001823664,1
3253c0c06f5c57e73a172145ba6b247d3db4ebdab006aa76b7df853f18caa57a,2.000822306,1
27badc983df1780b60c2b3fa9d3a19a00e46aac798451f0febdca52920faaddf,2.000823736,1
2397346b45823e070f6fc72ac94c0a999d234c472479f0e26b30cdf5942db854,3.000732899,1
2397346b45823e070f6fc72ac94c0a999d234c472479f0e26b30cdf5942db854,4.000645161,1
226f76b55acb49701e06ded1d95165d179458f6fc37f5c6fc760ae30dec1c378,2.001823664,1
04a8708c3a481ced13845a30de522486895de0592222c29326d9139ec2b9df25,6.001468182,2
04a8708c3a481ced13845a30de522486895de0592222c29326d9139ec2b9df25,6.001467943,2
0bba869d7f392cbcaca6b8935ddc7fc3a8c50846d884959333fb7da475957511,4.001645803,2
2397346b45823e070f6fc72ac94c0a999d234c472479f0e26b30cdf5942db854,3.000734091,1
20e9c64c05a54d199610fb7e38135361324b5ed5dcf39c23afe9b48926c07376,3.001734972,2
04a8708c3a481ced13845a30de522486895de0592222c29326d9139ec2b9df25,7.002381086,2
23e8b0175874e1bb3b4799e13a6634a8eddb456c1b8675b871e07ec09abc0c07,6.002467632,3
0be1307fc191fd21d2676d2f838ee5796e4104caf6c2933bdca696582bd6cca5,1.000911951,1
0c50077bf40b4ba39e8daf7bff3858430ed38a93b8df105c06b5a1b614251dfc,8.003291845,4
172e1676eda470ede17e9d491554bcbe97ba4691f92880064c8cb29ec35a467e,2.000822783,1
28ac9e81899c184817bb2494df617af95d76726c3c37a89e217995620a0c87b2,9.003202677,3
2397346b45823e070f6fc72ac94c0a999d234c472479f0e26b30cdf5942db854,1.000911951,1
15ad78f5cb853115188f0422e91852af9efe64425699dc92981af33495ee0e1a,3.000733137,1
4118d7763dcf2e5b8300f3aa3ebe36acdf6d1a7b0f6167db051a51864408c2fe,1.000911713,1
11f4c01b6d12b8c6d8d54f73c0af338e0eb4f6ca2c3c1ce3d57dff49e2ea25fb,6.002468348,3
2faa3d11e59588d308780a9752cecaef2d370c81cdecf308a29e24cdd8deadb1,8.003292322,4
27badc983df1780b60c2b3fa9d3a19a00e46aac798451f0febdca52920faaddf,1.000911713,1
075e88eb4d92dd09b88c8ceec4d8c4d76d2db4ae14c5c19aaf99adf711e70c01,17.00249076,4
1e472b39b105d349bcd069c4a711b44a2fffb8e274714bb07ecfff69a9a7f67b,6.00146842,1
2273fa6884e16050e001b6760c7d654496b247b60d9c8011cf7952cdd996903a,4.001645565,1
2397346b45823e070f6fc72ac94c0a999d234c472479f0e26b30cdf5942db854,3.000733614,1
0e78437805639c14d6413de94c031fd1babdb561b7728d31ae06bfc5ff1766d4,4.000644922,1
64d095f2fecfdeb907dae5403b10966c4ae755b7598aa078cb932e345bd0b5d0,5.000555754,1
0e78437805639c14d6413de94c031fd1babdb561b7728d31ae06bfc5ff1766d4,1.000912428,1
172e581a4bead0ed24958f27a63c7f0eedbfc39bb54edae444bf08c3b5f8ec27,1.000913143,1
14ea68eaea1712c06771b38e1efb490c6dbc7ca9a33e11d81ded8a7356f9cbef,11.00402546,5
32768dc1b008847fe7bc2ca62dc057650fbf239146884d0832e7e189e4cc2d89,1.000912666,1
0337d6fcd298bc6696a8cade92eb2bc0568f213653c0df0349aafaf285f524a4,9.002201796,2
27e9e8de4409318cc607fbf269113c5a204a1ec3969e964ede4778e69caac33d,2.000823021,1
2397346b45823e070f6fc72ac94c0a999d234c472479f0e26b30cdf5942db854,1.000911951,1
0e78437805639c14d6413de94c031fd1babdb561b7728d31ae06bfc5ff1766d4,1.000912189,1
0e78437805639c14d6413de94c031fd1babdb561b7728d31ae06bfc5ff1766d4,4.000644445,1
63d942da157a1ee4e0cf3f5bbf3984243788e786641466444cf3f5c2c604d41d,7.001379251,1
7b37da48a427a952095a07c7a3815163425a335293190fc21fa881aa900293fb,3.001734257,2
15414dea385f7b1206872d742bf6fa7b40a61759b5df75dd4af3629ec10b8765,4.001646519,2
0566654458faffe2d9b97a77f7fc89d87ce5bc6f9da9bf72cc4b6ef1a4e55c25,5.001556396,1
6fcca23f6dea2111e755138f2b28402e30cc7d34120215633157d2f1933b0c7e,1.000912189,1
1091c975e5ea19f648ee99bf3cc897c53b03aa15109279c27e7e69d14201756c,2.000822306,1
0e78437805639c14d6413de94c031fd1babdb561b7728d31ae06bfc5ff1766d4,1.000911713,1
0e78437805639c14d6413de94c031fd1babdb561b7728d31ae06bfc5ff1766d4,4.000645161,1
0e78437805639c14d6413de94c031fd1babdb561b7728d31ae06bfc5ff1766d4,3.000733852,1
0e78437805639c14d6413de94c031fd1babdb561b7728d31ae06bfc5ff1766d4,2.000823259,1
09895de0407bcb0386733daa14bdb5dfa544505530c634334a05a60f161b71fc,2.001825809,1
1a1cf797fabe7f95836fabeca626907c77b3e6c9aff7c2290b396a238c69362e,1.000912189,1
0a1f1256f9bac68e806442aa76455bb761af5414855efa23c1b3fd54477c0ba1,9.002201557,2
26cc435143c4926972d65ef8b6c331961613270cf4801a2ede45048e8d9a0012,5.000556946,1
74bbcf773c82f8b9b1a44138238d135520fe7a0fb898af5c18292a6fe9d23eb8,3.001734734,1
0392e0b4096f1b83dab5355475546f7782472b47cb025b1d1769c2da24284a85,2.000823021,1
0392e0b4096f1b83dab5355475546f7782472b47cb025b1d1769c2da24284a85,3.000733614,1
0d0c9bc37ae955b26c8bfecc22fcd072c4ea5ce95947a5051b5ed7399bff4f2e,8.001289606,2
47357959497402c8c1e9c9c07e1221ef91ecbad2a6dbc6c12815138984a335c4,1.000910997,1
1235eff5a74f3363e6beecabfee732c2efc3763e753aeda011499a950c1ed311,7.002380133,3
0e9940d33a5909fb7ae4f187fe56056de5954aa7bf8d4f86250a28f73a30b4af,2.001823664,2
09895de0407bcb0386733daa14bdb5dfa544505530c634334a05a60f161b71fc,3.00173521,1
1e472b39b105d349bcd069c4a711b44a2fffb8e274714bb07ecfff69a9a7f67b,2.001823664,1
25f0d9bd686d3b5c80d5ab7119f9a9dcedccb13195042e3b632278029a0343f6,6.001467943,1
94761d92f162dfe68bd9f0f458e05ba89f4abeb20b9c1d43ccf84e58a9a5290b,3.00173521,1
0a46fa622c5587cdb6f4390f42f397e628a3eae1e829b8c306b2d5f061b4df94,3.000734091,1
1eaf311a9044b532a4b76e5f3f68ce7d09d300a622e18fc5cef8fb104c4df97c,2.000823021,1
1eaf311a9044b532a4b76e5f3f68ce7d09d300a622e18fc5cef8fb104c4df97c,4.000645161,1
4d69e7b48249d4b5acfe43cfb2ab672eeaa546dac9f08f0cf639fc59ea27b7ed,2.000823021,1
3141d9c749e88ee5550192703c3e025a9b3446ec543f17a923cb24e7b61dfece,3.001734972,1
01975c2dd1d124fa58ed504b3da1789ea2bd221cffe6965d776484a1fd674ccd,1.000911713,1
13d4c81e4d083c8a033ce598eb1838bee4c4ba5296fb95b35b07424973033849,10.00311399,3
08fe85641e56c699a56e18bb518a557ce4607360eb78b289bfbaf472b8ba6e0d,2.000822306,1
1863b0b035e5f59b976d13f8c4e4977050f260f74841fc71cc53099df2a36598,2.000823259,1
234666d765f4c0a26cf4d96eced9155888477cb9b19e8cb48ae4ea79ce1b28de,3.000733614,1
2f5f508fb0930c336c471a1853458cbcfd6fe8ee1c937f7f07c2ecddf3280e43,6.001468658,1
225dfad79bf5c546aa0bec30685984eca05a144c401e92af785373336bc66e6c,1.000911951,1
172e1676eda470ede17e9d491554bcbe97ba4691f92880064c8cb29ec35a467e,5.000556469,1
7611f1a57f80b0a87b4178e2e5f16bafa30dd0d9947d99f953c091d8c96abd0e,6.001467466,2
0e78437805639c14d6413de94c031fd1babdb561b7728d31ae06bfc5ff1766d4,3.000735283,1
1a6d9c97798d8997f85ed9228296d533be6b47f97217709d7e2b628e21800220,1.000912189,1
07121ce1639acbdcaf8d5c337ab78af935e8786e68373f330972a2a22b578496,5.000555992,1
172e1676eda470ede17e9d491554bcbe97ba4691f92880064c8cb29ec35a467e,2.000824213,1
2521ef9e54ff60d912219348c4426c941b2dc73c7e8d3704926e1f8d8624d797,5.001557112,2
1f96a2fd2e29731c950570954969f2569a5dd3237226f7211f01dd3d089879da,4.001645803,1
585d0405a2f44c93af4322e271dbdd0a45180dbe3eb6d9d2421feb3b85c2bcd8,1.000911236,1
10f5bbae56c34dd4675938d4e2faa035a1b5edd798aff9df76ed591be1a9fa69,2.000822783,1
27badc983df1780b60c2b3fa9d3a19a00e46aac798451f0febdca52920faaddf,1.000912428,1
1158e7e12c5e7362318e5e3c2e1f2f1ab49578ab1d1691e9818a7c3f6b30b528,7.002379417,2
1a6d9c97798d8997f85ed9228296d533be6b47f97217709d7e2b628e21800220,3.000733614,1
1a1cf797fabe7f95836fabeca626907c77b3e6c9aff7c2290b396a238c69362e,2.000823259,1
1a6d9c97798d8997f85ed9228296d533be6b47f97217709d7e2b628e21800220,1.000911713,1
0780e42173170ed42c3349d728e28197bd5a97ba9b8231da422cd3eeb4d7be80,9.003203392,3
2bdf394d67584970e87712627f8b2890edf5ad589a83cd16163915e2a8161486,4.000645161,1
099f101c38e2ac1197d88319a85ef1724673584d4eaad4c0e7487c866ff28f18,3.000731945,1
3873ecf4855ce373db4b7afc32fe5884d984d37a32c2c605065671d3eed825d4,6.001467466,2
01dc04de4623f0dc1c1c81414cd0306827da06999ef842b015e2fc1b4ba58e50,1.000912189,1
03a1c1b319c89e66000c21b5018c449add43a8180cf252038f85aa4b6f154c79,7.002379417,3
1a1cf797fabe7f95836fabeca626907c77b3e6c9aff7c2290b396a238c69362e,5.000557423,1
562545a23ace671dcebd5a6bf950f8741a32785e1222690e42c903f6fef38947,2.000823498,1
234666d765f4c0a26cf4d96eced9155888477cb9b19e8cb48ae4ea79ce1b28de,1.000912189,1
0e78437805639c14d6413de94c031fd1babdb561b7728d31ae06bfc5ff1766d4,5.000555754,1
49e8a26e33be0db58dc30baba3d4875c5684ef9be69e7a2485c914d6d154f43b,6.001467943,1
2397346b45823e070f6fc72ac94c0a999d234c472479f0e26b30cdf5942db854,1.000912189,1
0d0c9bc37ae955b26c8bfecc22fcd072c4ea5ce95947a5051b5ed7399bff4f2e,2.00182271,2
18c1343f96c4d1c5a4294372c01bb88587fa72ba58e88eb085c3fa1fbf818818,3.000733614,1
16de2384ce09aa6bd2dea58053be52d0d83185f0eb28787f88ee5e8783bca74b,4.000643253,1
1d71c2057466c516b6633ed9365802bbbc0cba0578f3c1a1f38383caeab3f991,5.001556158,1
2397346b45823e070f6fc72ac94c0a999d234c472479f0e26b30cdf5942db854,1.000911474,1
0b1c82682eaa1b0f72af5c6eac88f4c175ab659d71ba6a966fee29c8fafc4877,2.000823021,1
234666d765f4c0a26cf4d96eced9155888477cb9b19e8cb48ae4ea79ce1b28de,1.000912666,1
060e33205a731400c2eb92bc12cf921a4e44cf1851d216f144337dd6ec5350a7,4.000644207,1
64d095f2fecfdeb907dae5403b10966c4ae755b7598aa078cb932e345bd0b5d0,3.000734329,1
1a1cf797fabe7f95836fabeca626907c77b3e6c9aff7c2290b396a238c69362e,4.000644445,1
1a1cf797fabe7f95836fabeca626907c77b3e6c9aff7c2290b396a238c69362e,4.000644922,1
3dd24f193d3463d185db7f29a168dae983d2fb5940e2d7b50d5a512d40e1c2b1,4.001645803,2
03170c93d53fb0647eb0aaf279aab89e58e8b852de3a58eea96e43912cd0372b,2.001824617,1
100cb75e351e68b30a4f4cbc5bd6339762d251df2d543ba80ddab9e6d6a83659,2.000822306,1
1a6d9c97798d8997f85ed9228296d533be6b47f97217709d7e2b628e21800220,5.000555754,1
1a6d9c97798d8997f85ed9228296d533be6b47f97217709d7e2b628e21800220,2.000822783,1
286fffc3a384be64433d06fe96997ed2e682ff9c977c54e018aa2d5697a4571a,9.003203154,4
124b51654ad82457fee372241ed2bf0f603a0a27a803dd8c03cc55f1067ab1f4,3.001734495,1
12db18b5dbd3120074a8105f53b6e573f47c18e3eec7e61290dd72e0d4f8c226,2.000822783,1
0d4d857de9ab73b2a565d1acc9b02883aa7f115e133391c315d1002c208320c5,13.00284696,3
31a636fce6f05b0ff05a2b036e0ae27f401c6a173a1da1daefdb0be093d0da38,2.001823902,1
234666d765f4c0a26cf4d96eced9155888477cb9b19e8cb48ae4ea79ce1b28de,2.000823021,1
05fa4c62d5583f55d1032cad2b860ede048bc747b58310bdb656cd90d71365a0,11.00202346,2
0e78437805639c14d6413de94c031fd1babdb561b7728d31ae06bfc5ff1766d4,1.000911951,1
0405ac2c0d29d6eeedb0d1ce76e307b0172d7e70206d44ebf9b1e71e9245ca28,3.00173521,1
04a8708c3a481ced13845a30de522486895de0592222c29326d9139ec2b9df25,6.001467943,2
2b169d27d9e55e10515caf1114f67aa60ad2c1021a1a43077fc05103b68013aa,2.00082159,1
2b169d27d9e55e10515caf1114f67aa60ad2c1021a1a43077fc05103b68013aa,2.000823259,1
1df90634fd0a403326034dd4377e0c7a06306d8769a4f0c125584444cbc90974,10.00211263,3
4b1759895a9a0f02863cb040a169f6f4ef1af63d9339698bcbc4222d28fb9a93,4.001645803,1
17bcef2b83e98410c6e2a1db76a2495e23d61fc5bbfafadba60410d778758be6,3.001734495,1
09895de0407bcb0386733daa14bdb5dfa544505530c634334a05a60f161b71fc,3.001734734,1
39bb88f40d3aa2b2fe9dea67be27c74765db0ebb3ff3cf8fb779af6319fa2045,8.001290083,1
9cdac6e3f3e851dc82affb693ed9a8126722bda269e8e7dcc02f6f6ca3a13c1d,2.001823187,1
234666d765f4c0a26cf4d96eced9155888477cb9b19e8cb48ae4ea79ce1b28de,5.000555754,1
57fb0303e4a6845cd7a1484ee9773c218975e9c9a763114e668259498cad2f30,4.001645803,1
3141d9c749e88ee5550192703c3e025a9b3446ec543f17a923cb24e7b61dfece,5.001556396,1
63d942da157a1ee4e0cf3f5bbf3984243788e786641466444cf3f5c2c604d41d,6.001468182,1
1f3b8e69941641383b83d90d3091f7e22d81fce357635f457ce47a98bde3bdb6,3.002735615,2
22b954454cfc20ef4813c70018c81004795496191338841e0ca4b9ed6e04e81a,7.001379251,1
a4c6af0cb6f02dff01ba174e4cf11f24f73d9ed16ca7a1e3c9d831c0139faa5c,1.000911474,1
0d0c9bc37ae955b26c8bfecc22fcd072c4ea5ce95947a5051b5ed7399bff4f2e,5.001556396,2
2099a9b5f777e242d1f9e19d27e232cc71e2fa7964fc988a319fce5671ca7f73,3.000733614,1
3f2e1c4e23e4b2533712b9602b720908c4c42c6c64444ac1fd46aa28b8fb5f1d,3.001734257,2
01a0123885ebec5b37b52ddc058c20d052525c654b69e7b7bfd5feb291428bba,13.00184608,3
1e472b39b105d349bcd069c4a711b44a2fffb8e274714bb07ecfff69a9a7f67b,2.001823902,1
0bba869d7f392cbcaca6b8935ddc7fc3a8c50846d884959333fb7da475957511,7.001378775,2
226f76b55acb49701e06ded1d95165d179458f6fc37f5c6fc760ae30dec1c378,4.001646757,1
172e1676eda470ede17e9d491554bcbe97ba4691f92880064c8cb29ec35a467e,1.000911951,1
04a8708c3a481ced13845a30de522486895de0592222c29326d9139ec2b9df25,4.002647638,2
172e1676eda470ede17e9d491554bcbe97ba4691f92880064c8cb29ec35a467e,1.000912189,1
1771518a223446389e3f4fddf978da6802c65eea2ec6f3c3b15c9b632ab0cfe2,8.002290487,2
0bba869d7f392cbcaca6b8935ddc7fc3a8c50846d884959333fb7da475957511,4.001645803,2
2099a9b5f777e242d1f9e19d27e232cc71e2fa7964fc988a319fce5671ca7f73,5.000556946,1
1da4f2a9f259f84ea4bcefc113d5ed19aba75de728b929fe38009a2e54ef94e0,2.000820875,1
16313b7bef72e4e4bc0d158aa444f6580ac5315b5d6e8b2e03528f9069c9d33f,6.001467466,2
2f0f83e1e13c0970d8677a3d086ae92b15affb788e89bee478d5384b9a901887,3.000733614,1
41ea2c2181fc893864514a2d9726807a2c57d0e327e4259f19806998f9e30509,4.001645803,2
172e1676eda470ede17e9d491554bcbe97ba4691f92880064c8cb29ec35a467e,1.000911951,1
14cca015914629504c53ccac22bca900546e1092351393cb0785aeab6d6599e2,8.00429225,5
26ec4cb947251e343926ef65e933df09935ae656a0352c4e8cf0e02b1ab14b84,1.000912189,1
0171a50fd77a3c0f6066055714d595e9836d1a37ca4027edc684a8bd6f7cdee3,8.001289368,1
2397346b45823e070f6fc72ac94c0a999d234c472479f0e26b30cdf5942db854,2.000823975,1
2e75800e4e92067cd2b8aa89dbf165e862206ddad322f0c788e68402f2f6270d,1.000912905,1
19164388373fa64a273a086afbcda8ea9164748625952e5eb048efd4ede06487,8.002290964,3
3b2f0cdd729c4aef1790618b44304cf205c8cb11fa4fb50e40bfd13e97f8d8b4,1.000912428,1
09895de0407bcb0386733daa14bdb5dfa544505530c634334a05a60f161b71fc,4.00164485,1
4679a706b00fceb17cd6d6a3e148c51852d4eb3ff24d65a1cdc680715b47b360,2.001823664,1
00f44bfa9fd08924f584c3cd0b63d2a55952b9b134a5ad12029419eab3610fd0,6.001468182,2
0707dd577520c30a1cbc5896846474616556b4822e2061f8353f39be9245cf39,4.001645088,1
08ea07799da9b8948f1df2e339def3db7af84e92ac2aa59a8da9e795eb97858d,1.000912189,1
00e657ded25e0b36148216b3faf772a4d596b0e7c7df1363320d8444e50a1f3e,10.00411391,5
1ba6b3c0abf35a3fe045ef67f43b5f357ef3953452f6d6dfc5af518c256ad64e,5.000554562,1
734d0759cdb4e0d0a35e4fd73749aee287e4fdcc8648b71a8d6ed591b7d4cb3f,1.000911713,1
0bba869d7f392cbcaca6b8935ddc7fc3a8c50846d884959333fb7da475957511,9.001200914,2
0dea59c0626eabf8ebc498f8a30374ece3e571f7b9221a5c572b5c84b636b205,4.001645327,1
22a7410e1a2d4c75baae25e48b40561c421da28d8f7abb082560f6b7b3bd7bef,2.000822067,1
2a0107774dd2becffa07ce134ceb8ed399226e0f6ce1247ab080c5027e6282cf,1.000912189,1
061bb98154d69b8c6872cf1b0fccf7104d7dfc003bff7f4e581ac826b15d51f0,9.001199245,1
50a1f113aa659f9853653c763c9eac5549a69883bd75b6ae4e5951d94830d691,1.000911951,1
03da56baee66fb29b214bbc0757a7f190e1b8d6009117d1491a0d64cb078f85b,7.001379013,1
a4c6af0cb6f02dff01ba174e4cf11f24f73d9ed16ca7a1e3c9d831c0139faa5c,1.000911474,1
01a0123885ebec5b37b52ddc058c20d052525c654b69e7b7bfd5feb291428bba,8.002290964,3
01bfdd8c5bbae84cec82b26ff0fd025e464611cc5711cf846ceab3f68b90e650,5.000555992,1
3d0adbfcf57963dcbfeb5f5f5882f4891abbe7b18a2046fbd9d8540b4884a731,4.001645565,1
3437133c7ccf528cba8e0841eee96741f63246cae4ba884cd1fd20a2e80cd8fc,2.000823259,1
0bba869d7f392cbcaca6b8935ddc7fc3a8c50846d884959333fb7da475957511,7.001379251,2
3539e8afcacc57565a56a1a471235686655d90adb6e16c5e093b0767fb835cea,4.000645399,1
365b9fece38a5363f752c8bc428e8469b2ad88bd779f3e99cbe78c1756613260,1.000911713,1
172e1676eda470ede17e9d491554bcbe97ba4691f92880064c8cb29ec35a467e,2.000823021,1
172e1676eda470ede17e9d491554bcbe97ba4691f92880064c8cb29ec35a467e,4.000643969,1
2397346b45823e070f6fc72ac94c0a999d234c472479f0e26b30cdf5942db854,1.000910282,1
0fe9f587936e33676e0491e34d3699a7c7f478a575253c1dee863794986f46cd,5.001556873,2
2397346b45823e070f6fc72ac94c0a999d234c472479f0e26b30cdf5942db854,5.000555992,1
6f24cbebe86af42657143cefdee9b4d87e66c7c0b16d8e045c5fc81c4c78f51d,3.001735926,1
2f3cd045fdd6a38f5d062343a7e3e1b2f14f4100b230bd4083545a1d4e4810b6,4.001645565,2
27badc983df1780b60c2b3fa9d3a19a00e46aac798451f0febdca52920faaddf,1.000912666,1
0619d3314c5ee4c20f5523d75bb6ea941c24aacb7dd244249a086ee8b8a99fcd,2.000822306,1
0d90edd0ffde35898ebbe359ccad8908054304fff66d06acf86dc8e17afe6889,7.001379251,2
344b5235b5f94109312b61d610b614fd87614cee8eaaf36fd90cb676a9c0aa52,3.001734734,2
0a809f7d6be338ce020fdee2bacfccf705929fa40c826bdfe4aea54ba06c1c27,1.000912189,1
0d0c9bc37ae955b26c8bfecc22fcd072c4ea5ce95947a5051b5ed7399bff4f2e,5.001557112,2
27badc983df1780b60c2b3fa9d3a19a00e46aac798451f0febdca52920faaddf,1.000911713,1
02aa3aec9f3df7e4881b5c0206495cec5714d6dc277d0c7b80ab313101b41620,9.004203796,5
001b922e5237f13ae2688963bd78a17c96c9a36a89244146e9684f32f634fb95,3.000733614,1
447d03b2005798bf0cb48a7a543d016660575b7376aa56b780260a1497ee503e,5.001556873,2
15d6d4c5d7fd3df176e9fedc6320315a366e0661420fbf3ff759d6ba3555cc7c,6.002468348,2
3a3d2a04c0cf3c4e647c3a10f6eed0c2fe3a0a75571c7073f9fe50d06d75539e,3.000734329,1
3b731d7620bf723f5df5cb3dc1ab0c3f452db716712cc14379a4dfd92d19182f,6.002469063,2
02f6f9313dbcb8a37864af3a5555aecf96b12ff45ac92ca20cc80f2c97a34505,3.00173521,1
0bba869d7f392cbcaca6b8935ddc7fc3a8c50846d884959333fb7da475957511,2.001823902,2
0e78437805639c14d6413de94c031fd1babdb561b7728d31ae06bfc5ff1766d4,5.000556231,1
2099a9b5f777e242d1f9e19d27e232cc71e2fa7964fc988a319fce5671ca7f73,1.000911713,1
12ef84e911f067ffecf360fd7da8ca02a96a380baa8b9c711908e29c8d67a370,8.003291845,4
2ee1a4c2b1f11f0ca375d1429e7902a1d84b900348ae65e624c83b1589ff2e27,7.001378775,2
2ad70580843168ec91a4e024426c5af49655af1b4540fa5101e4cf40fff0f9b4,4.001646757,1
53170f63efe88e6d52e92d3c11954bf9f1e281e372ba1ac23051e10c2a682f59,2.001821518,1
125dcf0aab6e677ef7d678a0797dd065c1b80541aa40b64c1ebf5971480e783c,6.001467943,1
24b32f682327f15d22d8ac535c267da95016bf6363d1b02afbef05342e5a9e84,1.000912905,1
13f88b5e0c94fcf08184519f8feabea47de9d16809ef23b2bf9fd238ee6f6bb9,6.001468182,1
2ef814ff3e47158999bbdca9630b07193d90acc24b6ca63eef65a9d7c8beaa8c,3.000733376,1
0091f6bc43ff648a9affd9979f776420932c4ecb6e625112b87bc533d4b30307,8.002290249,2
0e78437805639c14d6413de94c031fd1babdb561b7728d31ae06bfc5ff1766d4,3.000735044,1
1a1cf797fabe7f95836fabeca626907c77b3e6c9aff7c2290b396a238c69362e,3.000733376,1
22b954454cfc20ef4813c70018c81004795496191338841e0ca4b9ed6e04e81a,2.001824141,1
0b6da4997e22aae270ba8b90216181ed6698d15e234ca4e755d3f865212a0fad,3.000733614,1
38acbaba1ad189065056d0e976973b23aa70430f487380ddbd7cca35c258a4f3,1.000911474,1
172e1676eda470ede17e9d491554bcbe97ba4691f92880064c8cb29ec35a467e,1.000911474,1
0e78437805639c14d6413de94c031fd1babdb561b7728d31ae06bfc5ff1766d4,1.000911713,1
0bada102b41ee13494dbdb73ac4a98f5ac4f268b2c854eedc38adc0480461cfc,3.000733852,1
2edb13dbdd7bc0e460bc177f537599b26fa311c4c69a7ded4cd5b1c857e9cb21,5.001557589,1
353a8c003a2978292d96b53bd7c3dd94f756fe6598e190696aef813615d4ab70,3.000733137,1
0e78437805639c14d6413de94c031fd1babdb561b7728d31ae06bfc5ff1766d4,3.000734091,1
1a1cf797fabe7f95836fabeca626907c77b3e6c9aff7c2290b396a238c69362e,2.000821352,1
29c30578fbe7862644342c93664affb7e076b7e1dc2e2c2447f7f1dc3fe24e97,7.001379251,1
afccd937e6ac2d1b6d6e9f318bc5e8a179c977c7413b33b3e4d902ff8cec501e,1.000911474,1
175aa114e6befa09bae15a444b2ebe86ebf306e58b0ffe9cf9225e189e152d48,3.000734091,1
34687244ea3d9b9561c6b06c8400e8f1df7c01a3cd30d9fa52f5d61ee094438e,5.000556469,1
73065e07a5cb678946c8ca8d21ee47a6525f88d75b43372ce7a75def98c201df,3.000735044,1
470853e61523c604882a87292dc4c8c22f6e778f45e4c33b24fd30bc32691872,7.001379251,2
58d3699a577372924e8c84bbf93140e6ca3a7d29a318503e2d6625c3879b29e5,2.000822783,1
2107daebc50728488df390f79d562b9a06665f9421f878d9dd5a5cce81162743,7.00137949,2
48fd5c8acc40fa35b4a9c3027448cfa87ce840c63fc4acf3ef96214cd52e83e2,2.001824379,1
1b448e698110408ae9b1063e78ccaed506e488b2b3a9e458be14230d3fda765f,6.00146842,1
835e2c2642602dc141a2cf53064ac5bf3c80e6e2414320a093e3d0ada60983d8,5.000557899,1
52dc68b3dbed8139cb61378f6c74dc7273ccc24a3f24ff44b56ac669078340e8,5.000556469,1
1a1cf797fabe7f95836fabeca626907c77b3e6c9aff7c2290b396a238c69362e,1.000911951,1
058494926bbefda2e0ec6c1299ffc88f4dff4db4c0d51b149e0939b2ddfd0892,8.002291203,2
3f77635be9ee559853ce3d1ad8ef101ad21eb263b38c59b24c372e873100a62f,5.002558231,3
0f2cb44170f42cc966535f392a10dcd4499426df69dc476f1bf36609f7fa8c1e,4.001645565,2
2e49b746b8cb8315752caee19dc0ce7310b2aac95af33a143d1a103706b7b614,2.000822783,1
2b6b5a33d3941b5a36f27e8e8ae0c7f97b5f2cace0646d658079bb87a9071f20,4.001645327,2
28995a2c0d04b66d5c7c818536bb00cd1fc1ac422aea47627de0999782fee3f4,6.001468182,1
54929a732ca23238c72142906fd947ce48f0ea6d75c6d9292ed75294624b20c7,1.000911951,1
0e78437805639c14d6413de94c031fd1babdb561b7728d31ae06bfc5ff1766d4,4.000645876,1
22b954454cfc20ef4813c70018c81004795496191338841e0ca4b9ed6e04e81a,6.001467466,1
0e78437805639c14d6413de94c031fd1babdb561b7728d31ae06bfc5ff1766d4,1.000911474,1
0bba869d7f392cbcaca6b8935ddc7fc3a8c50846d884959333fb7da475957511,8.001290083,2
5fa3a4fe16c16c2fc7b552860933d654efb23c63e31e26503fc0ebef20bade2b,3.000733614,1
1bd50a482b54a4b6c93fdecc823c3f5777b0ab4cdaea0d1ebac2527158750b02,5.001557112,2
28995a2c0d04b66d5c7c818536bb00cd1fc1ac422aea47627de0999782fee3f4,6.001467705,1
0e78437805639c14d6413de94c031fd1babdb561b7728d31ae06bfc5ff1766d4,2.000822783,1
0e78437805639c14d6413de94c031fd1babdb561b7728d31ae06bfc5ff1766d4,4.000644684,1
234666d765f4c0a26cf4d96eced9155888477cb9b19e8cb48ae4ea79ce1b28de,5.000554562,1
0e78437805639c14d6413de94c031fd1babdb561b7728d31ae06bfc5ff1766d4,2.000823021,1
0e78437805639c14d6413de94c031fd1babdb561b7728d31ae06bfc5ff1766d4,2.000823259,1
0e78437805639c14d6413de94c031fd1babdb561b7728d31ae06bfc5ff1766d4,3.000733852,1
0e78437805639c14d6413de94c031fd1babdb561b7728d31ae06bfc5ff1766d4,3.000734091,1
2099a9b5f777e242d1f9e19d27e232cc71e2fa7964fc988a319fce5671ca7f73,1.000912428,1
097f274cf69e963a59672611fb2f65ef70b833337eadfd8685601d6bbdaa8220,4.000644922,1
097f274cf69e963a59672611fb2f65ef70b833337eadfd8685601d6bbdaa8220,1.001912832,1
024ca82c59f96a649eba3d73a1ba47dbf25814c953370ad50259820b0ad4b8c0,5.000555754,1
27badc983df1780b60c2b3fa9d3a19a00e46aac798451f0febdca52920faaddf,5.000556469,1
002a985cc73a01ce738da460b990e9b2fa849eb4411efb0a4598876c2859d444,2.000823021,1
234666d765f4c0a26cf4d96eced9155888477cb9b19e8cb48ae4ea79ce1b28de,5.000556707,1
73daa9289ddd08a53ba86f065ddb07bf915aba208bec652e999613d2a8444228,3.00173521,2
04a8708c3a481ced13845a30de522486895de0592222c29326d9139ec2b9df25,5.001557589,2
071c3f4dcc4b4b2c62183d5b3b7b3be033514d4d8f3aa9c0e7b71174e8dea7c7,1.000911713,1
13485cde4cb2bd93d84accd564a83cf53ac79fbb16f22005521f80ca6b5cfab3,4.001646519,2
2aa05f3a80fb98246ca8db2490703babbf34bb854cd2d3cd73f7499efd8bbbdb,4.000645161,1
64c0eca2e4bf0bd395b32d8b7122d753ba532f89827128d545829f32d1da006a,2.000822544,1
1c00e16c0db1f129d7b8b87fad27646fdfc393600d20182fa7eb94682601b913,6.001468182,1
0c2a87165360c917f7e4e33df8065cbe1a90c90933452dedb74030c2f30d35cc,2.000822783,1
0d0c9bc37ae955b26c8bfecc22fcd072c4ea5ce95947a5051b5ed7399bff4f2e,8.001290321,2
514f7f959e60862b27dea920d151c37c8920cda5269bd03b90c7391e849a3936,3.000733614,1
41bf322b8125928a286df28c070e5cc3438bc8d9ffc21b064df0f2a6c3c30cfd,1.000911474,1
17124d96d116ead62d4816620acebe3d467bbadebeff7ddc3bbb99c865d35128,7.002378464,2
1bde076b8aaa9b6441923dfe5bd1d7b5066d7cd4cc613d0ee7ece70cdbb54cec,3.000732422,1
35379a36c6ee44a6ff0ad70f67cbf5e03d70f8c393afeb78d14eebdcce771803,5.001557112,1
1a1cf797fabe7f95836fabeca626907c77b3e6c9aff7c2290b396a238c69362e,1.000911236,1
0a916bb9bf5b4725d00ba56be02442d9f9320f36e459d7256e6328a28f0a9119,8.002291441,3
226f76b55acb49701e06ded1d95165d179458f6fc37f5c6fc760ae30dec1c378,3.001734495,1
172e1676eda470ede17e9d491554bcbe97ba4691f92880064c8cb29ec35a467e,3.000733852,1
22b954454cfc20ef4813c70018c81004795496191338841e0ca4b9ed6e04e81a,4.001646042,1
23eeacb275c6d0a5aeafcc043e93c16f0f0f36822247f6b22c2124f413241a07,3.000733852,1
15414dea385f7b1206872d742bf6fa7b40a61759b5df75dd4af3629ec10b8765,5.001556635,2
234666d765f4c0a26cf4d96eced9155888477cb9b19e8cb48ae4ea79ce1b28de,3.000734329,1
3b731d7620bf723f5df5cb3dc1ab0c3f452db716712cc14379a4dfd92d19182f,7.002379417,2
1a1cf797fabe7f95836fabeca626907c77b3e6c9aff7c2290b396a238c69362e,3.001734257,1
497e671df1de83a45eec09ac98062e8149b2f4cc8ca4e9cfbf89dc86a45404dd,2.001825333,2
0e78437805639c14d6413de94c031fd1babdb561b7728d31ae06bfc5ff1766d4,5.000556231,1
0d0c9bc37ae955b26c8bfecc22fcd072c4ea5ce95947a5051b5ed7399bff4f2e,4.001645803,2
0337d6fcd298bc6696a8cade92eb2bc0568f213653c0df0349aafaf285f524a4,5.002557755,2
144f58b5926367a95181b3a2195aaf2f49d03efa56fe7bd22c217eb1ac0ab547,1.000911236,1
09e9eee59a4b1ba7b26546e704b5a317958c5a697550961f6b097be6a10a6b40,9.00120163,2
4573237da41df841990fd3a7fdbf4e8ff80c78a6db2d9591ada60ec4efba14df,5.000555754,1
7b954c78a4ebed908452237f719464e2453633e4faeb26503620f16773c17919,3.000733376,1
29281cdcd19ff570f26b098a4735a229c79674fb86e27704e41d4496d8c93871,2.000827551,1
0d0c9bc37ae955b26c8bfecc22fcd072c4ea5ce95947a5051b5ed7399bff4f2e,6.00146842,2
151661a72a85c5a078453f4ebc43a22ecdbc1daf2ac3da760729b82d82d88235,2.000823021,1
1eeedbddcc1ac4722eb9c781c62f04f238da76595b1ff3f7c8c4fc554dba45d9,2.000821829,1
0f7075e124ea5a9fdc74fb5b4e21a259a34b9b5148933fe854496471a773dd93,7.002379417,2
0ce45479ff85735a8152e925aaa6a42d1fe704db0403baec2d1f91292f9f7e8f,5.001557827,1
27fb4d20adcb0ca93920406b8f415d7cc133eb9e9116d7b79d3cd235512a6cae,2.000822306,1
23f0c6a221e6c7b42aaab2b064a1962da468ff5df2ea6f83995a3c0e2e5f68f4,6.001467943,2
1a6d9c97798d8997f85ed9228296d533be6b47f97217709d7e2b628e21800220,2.000822067,1
2ff34086a19000986f2bee37cd9b29606a45ec858ddff4fcf671814f9220a1f5,9.003202438,3
0e78437805639c14d6413de94c031fd1babdb561b7728d31ae06bfc5ff1766d4,2.000823975,1
2397346b45823e070f6fc72ac94c0a999d234c472479f0e26b30cdf5942db854,2.000823021,1
27badc983df1780b60c2b3fa9d3a19a00e46aac798451f0febdca52920faaddf,4.000645161,1
5dd40084a3b403a0e1d502f62506dca9451210b802cf8cbe82b9de60b5c037af,8.001290083,2
04aa26a59fa88a94648d7134cde3fd99bc9dac35043c1ce4afe5bdc2d943d11a,7.001377344,2
1a6d9c97798d8997f85ed9228296d533be6b47f97217709d7e2b628e21800220,3.000734091,1
0e78437805639c14d6413de94c031fd1babdb561b7728d31ae06bfc5ff1766d4,3.000733614,1
1a1cf797fabe7f95836fabeca626907c77b3e6c9aff7c2290b396a238c69362e,3.000734091,1
234666d765f4c0a26cf4d96eced9155888477cb9b19e8cb48ae4ea79ce1b28de,5.000556707,1
0e78437805639c14d6413de94c031fd1babdb561b7728d31ae06bfc5ff1766d4,3.000734091,1
0e78437805639c14d6413de94c031fd1babdb561b7728d31ae06bfc5ff1766d4,2.000823021,1
1a6d9c97798d8997f85ed9228296d533be6b47f97217709d7e2b628e21800220,1.000912905,1
1134c0a7d44fdae1afd7f1f64e2789496784095ca0a050947d659c256d331d34,3.002735376,3
044c7c201d6441e8e39f0db184a2470be0a972f33696fdcefa551e0834e1011b,10.00311375,3
2397346b45823e070f6fc72ac94c0a999d234c472479f0e26b30cdf5942db854,3.000734329,1
1c40b7658984206544b8b02afdb774bed2bcd4a986a0a7140a9669075edc7a50,2.000822544,1
26c4321b1eb25befb3b09a713366d19febd0c0c74be77ef8dfb6bc9a37b10300,2.001823664,1
0a239a24bcc008a5b0f05c47f8544d1f3941a9e9470f211d3a63c628ca070764,5.001556873,1
1a1cf797fabe7f95836fabeca626907c77b3e6c9aff7c2290b396a238c69362e,2.000822544,1
1c78c200857d1d00cc4349dc70b8c9968c985afc789ec1b0aa006c668bacf285,6.001467943,2
0e78437805639c14d6413de94c031fd1babdb561b7728d31ae06bfc5ff1766d4,4.000644445,1
1a6d9c97798d8997f85ed9228296d533be6b47f97217709d7e2b628e21800220,1.000911951,1
0a2e7ebfa13f583361d4dc51a7ddab03acaeb1700c90d54a0ef77c83dde95d6e,5.000555992,1
4a5125bff3de230201ab0c53b99a6612f0e3c2f9573bc2ab6a2f69586c908f37,1.000912189,1
0a46fa622c5587cdb6f4390f42f397e628a3eae1e829b8c306b2d5f061b4df94,6.001467228,1
443ddbe26d3bef958ebf6ab51693ae5cbad645394976bd68a2da5098124d61dd,3.001734972,1
172e1676eda470ede17e9d491554bcbe97ba4691f92880064c8cb29ec35a467e,1.000911951,1
0827b76e52ae4474dc2fa0a0e8720723592ac21841dd54996a678afa43091e49,9.002202034,3
4150890a91995c7ef01ad6b4d0270aa82c584c85c0ec5753d54fd041e7036cec,6.001467943,2
49e6ad6c6b71c2943249f91250ee2dd95a0dfe8037ab63f688590454d1df30bb,4.000644922,1
2a3d253e5273a3e67096224cca77d84c7fc096b0515320989df59d4b177636fe,3.001734972,2
2099a9b5f777e242d1f9e19d27e232cc71e2fa7964fc988a319fce5671ca7f73,2.000822544,1
2099a9b5f777e242d1f9e19d27e232cc71e2fa7964fc988a319fce5671ca7f73,2.000823259,1
172e1676eda470ede17e9d491554bcbe97ba4691f92880064c8cb29ec35a467e,2.000822544,1
1f3b8e69941641383b83d90d3091f7e22d81fce357635f457ce47a98bde3bdb6,7.002379894,2
234666d765f4c0a26cf4d96eced9155888477cb9b19e8cb48ae4ea79ce1b28de,2.000823259,1
0b5ad1c0fc3c02619f9f7043eaee6269c3f49215e5d135adbd7fc8120219241f,4.000644445,1
1a6d9c97798d8997f85ed9228296d533be6b47f97217709d7e2b628e21800220,1.000911951,1
08ff39839627d6e1619e05b005f41c51face303bfb6fcd9e8f2f281f3317450b,14.00475931,4
1a1cf797fabe7f95836fabeca626907c77b3e6c9aff7c2290b396a238c69362e,3.00073576,1
22a2fa7d04248931a8853a7714b86546610afd01b2b1841890e979ba7ba6bcae,6.001467943,1
27badc983df1780b60c2b3fa9d3a19a00e46aac798451f0febdca52920faaddf,1.000910521,1
0f2cb44170f42cc966535f392a10dcd4499426df69dc476f1bf36609f7fa8c1e,3.001734734,2
226f76b55acb49701e06ded1d95165d179458f6fc37f5c6fc760ae30dec1c378,4.001646519,1
0e78437805639c14d6413de94c031fd1babdb561b7728d31ae06bfc5ff1766d4,2.000823021,1
1a6d9c97798d8997f85ed9228296d533be6b47f97217709d7e2b628e21800220,2.000822544,1
1a6d9c97798d8997f85ed9228296d533be6b47f97217709d7e2b628e21800220,3.000733376,1
1f3b8e69941641383b83d90d3091f7e22d81fce357635f457ce47a98bde3bdb6,9.003202677,2
0a1f1256f9bac68e806442aa76455bb761af5414855efa23c1b3fd54477c0ba1,4.002647877,2
05efb3f2683c5d5f85cb22711b574b1fefb20a3a76f5d16f794035232c9c5d1f,6.002468586,3
19bcf0bd229c7bbdf775052578ead82151888d2142a56a8efe26cd31f06e5832,3.001734257,1
01d81c0e289d48e6738d2d72b3a84ea0a2c8be7e6b790af250f6933da8c34a86,2.000822067,1
2013ab5273846dabf837a48b8e2f300b0caad229c62190a5a60902bbde62236d,3.000733614,1
1ca0c0511531af6f7efa49524f8e70bee5fe3309f7814101109f74da8e5cfc4d,5.001556396,1
2896a9c3f7fe3dc61c33003835e6e4002f935c401bbe3b2458ef7625905d53dc,7.001377344,1
82e413397999ad61070688c873cb7507ff5e5b95f8fbc33e7f9c3a33432f3733,3.001734734,1
17063fc8fbe12d5d8e2661877899c361a8689989d5e3cada3c5186d968e9c83d,1.000911951,1
07816df1ab984ea0a14d7b49e5d99730ae64ff417ca33e8287ea08a232bf18f6,4.000644922,1
260cb4cee3de3129a0d58ac298bd96d53d7dce6c6ede83c999d9a49a1249833b,5.001557112,1
5963f4e0de29823535cf2f2f654e41cfc2e1f176eded9aaf50050707d123a60e,1.000912189,1
172e1676eda470ede17e9d491554bcbe97ba4691f92880064c8cb29ec35a467e,5.000555992,1
31ca35354082f3060183d0c3432a85c7cc3eea6b63d94c812676c8b15f01da27,3.000735044,1
28995a2c0d04b66d5c7c818536bb00cd1fc1ac422aea47627de0999782fee3f4,2.001823425,1
2099a9b5f777e242d1f9e19d27e232cc71e2fa7964fc988a319fce5671ca7f73,1.000914097,1
08afae595c756127c50855c501b3529c9ed37f12e79fd46d8cf3202f837cb976,14.00475931,6
182561f3168d80a1a5d3feef0d0a4335588926bba93bcaa8ebb1bdf115a1ca0d,2.000822783,1
182561f3168d80a1a5d3feef0d0a4335588926bba93bcaa8ebb1bdf115a1ca0d,5.000553846,1
656c6e7c71b5fe73e09b0a9e41ab4197a3779df3f8efb17b39030f31db972410,3.000734091,1
0adcc0364e158e5999f2fdc77ae9ca1001d459e01d6d9de002c5560d5dd16e38,1.000912189,1
064c3e311ef63912b0cc91db9681ce2d301c3e76c447febf8faa303de38cc005,6.002469778,2
08b25908310713da686e5fea8184e732ae2625938d31d76bd42a195d4c205a6f,2.000822544,1
2e8d77a1f829454733789c99a714f7688e1b8bf201c6ba71415220ce1292b385,3.000732422,1
234666d765f4c0a26cf4d96eced9155888477cb9b19e8cb48ae4ea79ce1b28de,5.000555515,1
6de743491216ae916edb6a9790e91ba531616a49c4dae70b532f7b998ad832be,4.000644445,1
234666d765f4c0a26cf4d96eced9155888477cb9b19e8cb48ae4ea79ce1b28de,1.000912428,1
074b85783c7746568b50b15456cafea5151e1a51310c49be10b9fffcf90d1a26,5.001557112,1
07de4a4bc40e03bd155d97c69bd4b23ec65fd9caf7a0722dfea63d435445458f,2.000822783,1
2397346b45823e070f6fc72ac94c0a999d234c472479f0e26b30cdf5942db854,4.000643969,1
13899daa16cae4725cd68d9b9b4df72b206a606b4bf418aa2c7639950bd61564,5.000557423,1
734d0759cdb4e0d0a35e4fd73749aee287e4fdcc8648b71a8d6ed591b7d4cb3f,5.000555515,1
2099a9b5f777e242d1f9e19d27e232cc71e2fa7964fc988a319fce5671ca7f73,1.000911236,1
01c6796d14a48e9f352fc2a60509743046918bd6cd2679c6c092cb71ea4854c3,2.000823498,1
1072aa7d027aeab381d84e1f99c012f084293d4f07bbcc9552797943a198ff0c,4.000644922,1
0e78437805639c14d6413de94c031fd1babdb561b7728d31ae06bfc5ff1766d4,2.000822783,1
161cd36b94dc78436caba8095e043bb4c70dfb45b27431d89a4f5b1cf16457f9,2.000823259,1
1072aa7d027aeab381d84e1f99c012f084293d4f07bbcc9552797943a198ff0c,3.000734806,1
014604ba54339d4b1266cf78e125053a5ac11dd861ef3cc0b4ed777ed0e2af0a,2.001822948,2
0e78437805639c14d6413de94c031fd1babdb561b7728d31ae06bfc5ff1766d4,3.000734329,1
2397346b45823e070f6fc72ac94c0a999d234c472479f0e26b30cdf5942db854,4.000644684,1
1dc43dab243ecfa3cc71b4fbc230ffd813798c72d1d55108c8b954a983d70f3d,4.000643253,1
64e94628986bcd0ecf9752aa9edd42048c553b53881b274d16884ecb4276252a,2.000822783,1
2099a9b5f777e242d1f9e19d27e232cc71e2fa7964fc988a319fce5671ca7f73,2.000823021,1
0309bffef959fca64ebc2c58c8e7c0b2501d33949ebca66561b171d9b761c488,4.002646685,3
069645f06b5ce0bdb22bfa944d40c1e6c99c38319a58a41e5d7f1b1ed675ba37,4.002646446,3
04a8708c3a481ced13845a30de522486895de0592222c29326d9139ec2b9df25,4.001646519,2
08452988f4c76fdb3989be75c9bc2d67e05619bc7880c8b9d065ccddb7351166,5.001557112,1
734d0759cdb4e0d0a35e4fd73749aee287e4fdcc8648b71a8d6ed591b7d4cb3f,2.000823021,1
129a14434367d54a1f0bda412b68c99646674210092a31c8123ec567b8aa0079,2.001824856,2
147583d6a3c30a4df7cdd822f5f2742d311597e4a36070652954ba9a3497bb34,4.000644684,1
0d0c9bc37ae955b26c8bfecc22fcd072c4ea5ce95947a5051b5ed7399bff4f2e,5.001556635,2
0d0c9bc37ae955b26c8bfecc22fcd072c4ea5ce95947a5051b5ed7399bff4f2e,5.00155592,2
1a6d9c97798d8997f85ed9228296d533be6b47f97217709d7e2b628e21800220,4.000644922,1
60fdc5f5d7bd6d6634d32ff91025971972b9ddf587ad29742fe4db6c7188ba01,1.000911713,1
05798b5867fa0524fc05cc67b0402d17dfc0afab384b4183b860567c14772013,5.003559351,4
1f4d257c7e1e2d9d017343201e3fe173a8a80e763a6d6c8425262302b31cbc35,6.00246954,2
171a76fa400d1a5e954f901909703a2edd0b927d022e5989d02e413e7ee64db5,3.00073266,1
4b9f47bbf19ae5cac9353e34f842968248d2c0cc25eb43d776ea6bfc1a66e76b,4.000646114,1
22b954454cfc20ef4813c70018c81004795496191338841e0ca4b9ed6e04e81a,5.001556873,1
166ef5a9db1ef1103a1dc744f8bc7cb59eb94fd6e7f48a6cd60c0e706ee9881e,1.000910282,1
0e78437805639c14d6413de94c031fd1babdb561b7728d31ae06bfc5ff1766d4,2.000821829,1
172e1676eda470ede17e9d491554bcbe97ba4691f92880064c8cb29ec35a467e,1.000911713,1
089ee14b926fabea6dd95890032d1a37e69c1011c710977af774ec3a7b5b39a6,16.00358057,5
172e1676eda470ede17e9d491554bcbe97ba4691f92880064c8cb29ec35a467e,4.000645638,1
615fa02d439d2e4978d233aa0bcde39f8c5adc9f86b864c32a9ccdb32d51d6fb,3.000733137,1
04a8708c3a481ced13845a30de522486895de0592222c29326d9139ec2b9df25,2.001823664,2
0d0c9bc37ae955b26c8bfecc22fcd072c4ea5ce95947a5051b5ed7399bff4f2e,3.001734972,2
1a1cf797fabe7f95836fabeca626907c77b3e6c9aff7c2290b396a238c69362e,1.000910997,1
0fc64ac337bf105e7149a237904aa63ad7f39a39abec535be8b8cc5a92729007,9.001200676,1
7ea33d715d7ef8806283dcdd7197e950662090d1d9593a020a5a9c298293827b,2.000823021,1
27041c78d497e9ad7b5dab7289c512c63b918d91c77f9257e357d20cd0413f75,8.001288891,2
2c9f7dee43d11ef348c98493f997ede6ad4ff13dd00559b2301efe9552e655a0,1.000911951,1
0e638d50c4eb6afef9b0b642a8188461c49d21c5560561346081f2d30989afe8,7.001378775,1
47c5b4388d82c7b99f5c7c4d083785a337ea2a42f29d3b42a427c14459d00110,2.000822783,1
05f69a194157013a946473b3887b038da42e93d42016f1ceb92a2116c57f15a2,2.000822067,1
1acb447a681e855219547c0658b6d36d27bd00759fd30eaa24ddfb41f4eb4eeb,7.001379728,2
199e95756ac7019b39e2622529d589f56a1e74e67364ce1896fc04b1e339e845,4.001644611,2
2397346b45823e070f6fc72ac94c0a999d234c472479f0e26b30cdf5942db854,1.000912905,1
04fb3eccdd9c249f9e4593435001581d19cb141631bcd6cec1a56b8fb08dcc89,5.002557516,3
1e436ebc4c950215a8acb5e1543e5daa8ddd4cdf38951baa22bd99b7e8da4abd,7.001379251,1
1c00e16c0db1f129d7b8b87fad27646fdfc393600d20182fa7eb94682601b913,3.001735449,1
2099a9b5f777e242d1f9e19d27e232cc71e2fa7964fc988a319fce5671ca7f73,2.000821829,1
0ab1dd74ddf08fd51169eea633218947d6841dcff6f8742ad9d975f2e3d5729f,1.000911713,1
0095e00c6dae789d37628bd85697e53c423231337994c4a8427c55d7fb523617,11.00302458,4
0186c1bc661498b3e596c6a97de9e33de9408d2bfdc15c05a3ed47cf2995187b,2.001825333,2
09efec19659dbf1ea630c96ab53743f60329a2296b7911444cedc243c8923801,9.001200199,1
52d6216738c2489a4fb9958e515e464bab2810271d3d3e189d9ecdc69a226153,3.000733614,1
33cc6da30d940c4ffa0caeecac021a427f610fc8c8b8dfaff690adbb70bff7fe,4.002648115,2
07ee59e98146a3cf76268fffcc9165209fae4c81aef44d4e19419ad75ff9ad60,3.000733614,1
1b50957e8e18754d1bdde59f2285f054ac10d9443298cb0cf18281c926e5fb06,4.001646519,1
172e1676eda470ede17e9d491554bcbe97ba4691f92880064c8cb29ec35a467e,2.000823259,1
127c9b1fc975f6d388bb84499558277c38a9bf598782c4fc86b4d999be787298,3.000734568,1
19cc31e234b1ab6ed7c2a4ae74892da59ba505a16e36e01020fa924a8ee9a13e,1.000912905,1
172e1676eda470ede17e9d491554bcbe97ba4691f92880064c8cb29ec35a467e,4.000645638,1
4dee39edd773b3e64af605411e39aa135b4c14963942a4236d51d59eb4a781a0,2.000822306,1
1dd39d9fefc39ee696fffc7e2e4615e195e93b5395e9f0c1d59c39653479449a,3.000734568,1
0b4c78f0de022077440430dc597114bf6cec4f7c2469ca34987dc9f39d2cff02,12.00293469,3
3e122e4229c84197a9cbf6012e1b090606fefc3597dd7e1b42e58219d2208789,3.001736164,1
04903c20e1c4b1587f6dbe2c934dd00854ac702d37fe8945c35a95058a3c6392,10.00411367,4
2099a9b5f777e242d1f9e19d27e232cc71e2fa7964fc988a319fce5671ca7f73,1.000912666,1
0e78437805639c14d6413de94c031fd1babdb561b7728d31ae06bfc5ff1766d4,1.000912905,1
11350e39f388ba27644fd1786929177fa12eb31ab4fc28429ebb53f520333b54,2.00082159,1
2b0c12f403614c499487f26870f704ab49891f194e1a0adcbfe31d38fd478d18,6.001468182,1
524b2d27a1e7fbc3a1614fa661e2dcad68462352feeb8bf633deaccfb8aa84f3,3.001733303,2
055df6199acb13a401d6d8c3f47149f5ab988aacf6e355b362b6c69f589016ec,9.001199722,1
62da24cc616bf24f9945b38dda504b3b52a5b477cc56dd1413728a75847d2a94,3.000734568,1
4b0cf0973c092c81cc917ddcbbfd2bc1d705b5679d4328435fbe2bca6ccbb77a,2.000822783,1
1e3664429a80cef939ae071b4dd1cdeee654474a25311d095d23f7f8ade08371,1.000910282,1
02d1a5f04abb83c7f372d79ed82cfc7465ade05730a720c5c6ec467e43c871ba,1.000911713,1
0e78437805639c14d6413de94c031fd1babdb561b7728d31ae06bfc5ff1766d4,3.000733852,1
0e78437805639c14d6413de94c031fd1babdb561b7728d31ae06bfc5ff1766d4,2.000822544,1
0758ff2b1100dcac409b62b768ad908de4d3124cee7419144002124bdf2d3c31,5.001556635,1
407e2aa5404fcd11b1c29ff8a234dfa1a5a8640d345b1dd9376d0b605874a192,2.000821114,1
0ae576cb77cc356286550cd6789b56b828f75577343931a44c04a305e4581d2f,3.001734972,2
08e609e2f49418a24917391f2ceab78a2120d1ed63fa0a850f54eea95f996d34,1.000912905,1
1059b7165f244caa9674f7bba1cd99f39f26f9bb99edeb078517d5955ee0960a,3.000732422,1
1747fa870c0042747a744fa27db1efe2eb439c000788403627d9fc608adad6a0,5.000557661,1
1e01ab378611012663abf69179312231c04ff61f4f9de88d5a92b66a97faa782,3.00173521,1
2397346b45823e070f6fc72ac94c0a999d234c472479f0e26b30cdf5942db854,2.000822783,1
130a2a78785c5a304240d62145b780ab858de49a3a3d8bfa32962dfd1a0aac6b,3.000734329,1
20e9c64c05a54d199610fb7e38135361324b5ed5dcf39c23afe9b48926c07376,2.001823187,2
17e7eaad7f40d2f2fb322dbfd18aa967b2ad7656b24a488e1a11e6969b99dc63,1.000911713,1
0b2e641e789316ca38f6ffed8bc43211cd12d532dd6b1efda3bc17df3c730bd0,6.003469944,3
2099a9b5f777e242d1f9e19d27e232cc71e2fa7964fc988a319fce5671ca7f73,3.000734091,1
1ccba0c4ff881c9ff4062553c789510a89ea8cad001073fd29da857e911e929f,4.000646114,1
15197cf7214b58e67cae565e573ffd9aa44bcb81f8ee5d7185dfe8da0a16ef43,4.001645803,1
22a2fa7d04248931a8853a7714b86546610afd01b2b1841890e979ba7ba6bcae,2.001823902,1
189294afa399f3963fb0fda4ec87e7ad5d11971e3352e925c1c9db23b5cca903,4.000645876,1
3af2fdd7a0217997f9ecf74828eccd6d2325c8c8d683ec0bfd8c99a49fdcb3be,7.001380205,1
7b69759630f869f2723875f873935fed29d2d12b10ef763c1c33b8e0004cb405,1.000911713,1
0cd2972382ecd0ef319bba77e41fce72410d38d3fb071ee5c4da6341241894a8,8.003292561,4
0150b3dbffe0214dadaf5639034c01d769f6236a8ce69c3d8db3b46c7bda500d,2.001823902,2
0bba869d7f392cbcaca6b8935ddc7fc3a8c50846d884959333fb7da475957511,2.001825094,2
0d9c92a8b0afd8dba381f0cfc1bc0b08e7c48a0a857b2138b6a75a1688faf6a3,5.001556635,1
35fb9c6c3ddeaad9424624ad020ee801b6aeb43f282e387d38b18535256ce59b,2.000823498,1
0941b3ce48aff6d5759b555b08ed7f14a09c7f7f4f5823ce3f32d4555258d3b0,9.001200438,2
5c4fbd0b944133ea9777fdfd542573241601f9c844b010b67c7a8c9c7dfd7a2f,1.000910521,1
07e46896ba89f88776fed50a1b7895129f9b9af7d3b8b33ca23af478bb818d6c,10.00411487,4
27badc983df1780b60c2b3fa9d3a19a00e46aac798451f0febdca52920faaddf,2.000822544,1
2dfe70c43208f52b9ef4ea7e134705283947116491e81fbac05f0aedc25c5956,8.002290964,2
234666d765f4c0a26cf4d96eced9155888477cb9b19e8cb48ae4ea79ce1b28de,1.000911713,1
122aa034bc387c4a4cf08152d6d57a99d7b659bf12a9945278e6ba1b14e4ce29,4.001645565,2
172e1676eda470ede17e9d491554bcbe97ba4691f92880064c8cb29ec35a467e,4.000646353,1
0e78437805639c14d6413de94c031fd1babdb561b7728d31ae06bfc5ff1766d4,2.000823736,1
2faf4c3d26b7b54b6613fd9ad6615d772fa362059775d09cac2a52e33cd4608e,2.000823021,1
0e78437805639c14d6413de94c031fd1babdb561b7728d31ae06bfc5ff1766d4,3.000734091,1
3f7d582678c0a78276f6d448e8a4df64a79f723fad6eb8d98f182066794fe8fe,4.001646757,1
25c9406254ce724ca0c4abfb3b3884a1d22789f5b719447ef83e31a4eebf17f8,2.001822948,1
1f5b84cdb0342ff698a02458c684d3fb30f45f3a4adc8fa0a35d96aa0a7b1db4,2.000823975,1
117cffb9ccb9bc9fa54cc7ce52ffc2aa64008973ad12bdc183d24ab4cf4cfbe7,1.000911713,1
1482904f400d97af0be61436294d9bb71b9b740ba0aaf6ca1d28b09799bcc4dc,22.00504708,6
27badc983df1780b60c2b3fa9d3a19a00e46aac798451f0febdca52920faaddf,3.00073576,1
321ef7e85c8c12e11212c6fdeff6249f415294a569d1bbea06e3cd23aaf89454,3.000733614,1
